DeviceProfileName,Time,AirTemperature,AirHumidity,BarometricPressure,CO2SensorTemperature,Unit
Decentlab_Air_Monitor,2023-10-04T20:58:47.135+00:00,24.402186279296878,53.12017822265625,98446,24.21,°C
Decentlab_Air_Monitor,2023-10-04T21:00:37.728+00:00,24.423636474609374,53.08203125,98388,24.03,°C
Decentlab_Air_Monitor,2023-10-04T21:08:47.911+00:00,24.420955200195316,53.13734436035156,98440,24.22,°C
Decentlab_Air_Monitor,2023-10-04T21:20:39.598+00:00,24.466536865234367,53.07249450683594,98382,24.07,°C
Decentlab_Air_Monitor,2023-10-04T21:28:45.433+00:00,24.45849304199219,53.12017822265625,98436,24.26,°C
Decentlab_Air_Monitor,2023-10-04T21:30:43.095+00:00,24.47726196289063,53.093475341796875,98382,24.08,°C
Decentlab_Air_Monitor,2023-10-04T21:38:47.277+00:00,24.47726196289063,53.12017822265625,98432,24.28,°C
Decentlab_Air_Monitor,2023-10-04T21:40:40.082+00:00,24.493349609374995,53.10491943359375,98382,24.1,°C
Decentlab_Air_Monitor,2023-10-04T21:48:43.553+00:00,24.496030883789054,53.101104736328125,98438,24.3,°C
Decentlab_Air_Monitor,2023-10-04T21:50:42.079+00:00,24.520162353515623,53.0667724609375,98386,24.12,°C
Decentlab_Air_Monitor,2023-10-04T21:58:42.975+00:00,24.517481079101564,53.085845947265625,98436,24.32,°C
Decentlab_Air_Monitor,2023-10-04T22:00:42.086+00:00,24.53893127441406,52.99810791015625,98386,24.14,°C
Decentlab_Air_Monitor,2023-10-04T22:10:38.050+00:00,24.54161254882812,52.9141845703125,98388,24.15,°C
Decentlab_Air_Monitor,2023-10-04T22:10:42.366+00:00,0,0,0,0,
Decentlab_Air_Monitor,2023-10-04T22:10:40.207+00:00,0,0,0,0,
Decentlab_Air_Monitor,2023-10-04T22:18:49.868+00:00,24.53893127441406,52.990478515625,98444,24.34,°C
Decentlab_Air_Monitor,2023-10-04T22:20:41.975+00:00,24.544293823242192,52.90655517578125,98392,24.15,°C
Decentlab_Air_Monitor,2023-10-04T22:20:44.129+00:00,0,0,0,0,
Decentlab_Air_Monitor,2023-10-04T22:20:46.284+00:00,0,0,0,0,
Decentlab_Air_Monitor,2023-10-04T22:28:42.273+00:00,24.54161254882812,52.956146240234375,98440,24.35,°C
Decentlab_Air_Monitor,2023-10-04T22:30:37.840+00:00,24.536250000000003,52.872222900390625,98386,24.15,°C
Decentlab_Air_Monitor,2023-10-04T22:30:39.996+00:00,0,0,0,0,
Decentlab_Air_Monitor,2023-10-04T22:30:42.151+00:00,0,0,0,0,
Decentlab_Air_Monitor,2023-10-04T22:38:49.435+00:00,24.53893127441406,52.87031555175781,98438,24.35,°C
Decentlab_Air_Monitor,2023-10-04T22:38:51.586+00:00,24.53893127441406,52.87031555175781,98438,24.35,°C
Decentlab_Air_Monitor,2023-10-04T22:38:53.742+00:00,24.53893127441406,52.87031555175781,98438,24.35,°C
Decentlab_Air_Monitor,2023-10-04T22:40:38.084+00:00,24.53088745117187,52.76922607421875,98384,24.14,°C
Decentlab_Air_Monitor,2023-10-04T22:40:40.235+00:00,0,0,0,0,
Decentlab_Air_Monitor,2023-10-04T22:40:42.386+00:00,0,0,0,0,
Decentlab_Air_Monitor,2023-10-04T22:48:47.107+00:00,24.536250000000003,52.765411376953125,98440,24.34,°C
Decentlab_Air_Monitor,2023-10-04T22:48:49.264+00:00,24.536250000000003,52.765411376953125,98440,24.34,°C
Decentlab_Air_Monitor,2023-10-04T22:48:51.423+00:00,24.536250000000003,52.765411376953125,98440,24.34,°C
Decentlab_Air_Monitor,2023-10-04T22:50:42.557+00:00,24.51479980468749,52.6700439453125,98388,24.13,°C
Decentlab_Air_Monitor,2023-10-04T22:50:44.708+00:00,0,0,0,0,
Decentlab_Air_Monitor,2023-10-04T22:50:46.861+00:00,0,0,0,0,
Decentlab_Air_Monitor,2023-10-04T22:58:43.754+00:00,24.528206176757813,52.67958068847656,98444,24.33,°C
Decentlab_Air_Monitor,2023-10-04T22:58:45.905+00:00,24.528206176757813,52.67958068847656,98444,24.33,°C
Decentlab_Air_Monitor,2023-10-04T22:58:48.061+00:00,24.528206176757813,52.67958068847656,98444,24.33,°C
Decentlab_Air_Monitor,2023-10-04T23:00:37.583+00:00,24.498712158203126,52.60710144042969,98392,24.11,°C
Decentlab_Air_Monitor,2023-10-04T23:00:39.734+00:00,0,0,0,0,
Decentlab_Air_Monitor,2023-10-04T23:00:41.891+00:00,0,0,0,0,
Decentlab_Air_Monitor,2023-10-04T23:08:46.422+00:00,24.517481079101564,52.624267578125,98446,24.32,°C
Decentlab_Air_Monitor,2023-10-04T23:08:48.574+00:00,24.517481079101564,52.624267578125,98446,24.32,°C
Decentlab_Air_Monitor,2023-10-04T23:08:50.730+00:00,24.517481079101564,52.624267578125,98446,24.32,°C
Decentlab_Air_Monitor,2023-10-04T23:10:43.639+00:00,24.482624511718747,52.57086181640625,98392,24.09,°C
Decentlab_Air_Monitor,2023-10-04T23:10:45.798+00:00,0,0,0,0,
Decentlab_Air_Monitor,2023-10-04T23:10:47.948+00:00,0,0,0,0,
Decentlab_Air_Monitor,2023-10-04T23:18:45.034+00:00,24.509437255859375,52.61663818359375,98444,24.31,°C
Decentlab_Air_Monitor,2023-10-04T23:18:49.343+00:00,24.509437255859375,52.61663818359375,98444,24.31,°C
Decentlab_Air_Monitor,2023-10-04T23:20:44.065+00:00,0,0,0,0,
Decentlab_Air_Monitor,2023-10-04T23:20:39.758+00:00,24.466536865234367,52.59184265136719,98386,24.08,°C
Decentlab_Air_Monitor,2023-10-04T23:28:47.763+00:00,24.498712158203126,52.59947204589844,98430,24.3,°C
Decentlab_Air_Monitor,2023-10-04T23:28:49.919+00:00,24.498712158203126,52.59947204589844,98430,24.3,°C
Decentlab_Air_Monitor,2023-10-04T23:28:52.072+00:00,24.498712158203126,52.59947204589844,98430,24.3,°C
Decentlab_Air_Monitor,2023-10-04T23:30:43.521+00:00,24.45581176757812,52.612823486328125,98376,24.06,°C
Decentlab_Air_Monitor,2023-10-04T23:30:47.830+00:00,0,0,0,0,
Decentlab_Air_Monitor,2023-10-04T23:38:46.290+00:00,24.490668334960937,52.56513977050781,98424,24.29,°C
Decentlab_Air_Monitor,2023-10-04T23:38:48.443+00:00,24.490668334960937,52.56513977050781,98424,24.29,°C
Decentlab_Air_Monitor,2023-10-04T23:38:50.594+00:00,24.490668334960937,52.56513977050781,98424,24.29,°C
Decentlab_Air_Monitor,2023-10-04T23:40:38.972+00:00,24.43704284667968,52.57276916503906,98368,24.05,°C
Decentlab_Air_Monitor,2023-10-04T23:40:41.128+00:00,0,0,0,0,
Decentlab_Air_Monitor,2023-10-04T23:40:43.281+00:00,0,0,0,0,
Decentlab_Air_Monitor,2023-10-04T23:48:45.230+00:00,24.47994323730469,52.475494384765625,98414,24.28,°C
Decentlab_Air_Monitor,2023-10-04T23:48:47.389+00:00,24.47994323730469,52.475494384765625,98414,24.28,°C
Decentlab_Air_Monitor,2023-10-04T23:48:49.544+00:00,24.47994323730469,52.475494384765625,98414,24.28,°C
Decentlab_Air_Monitor,2023-10-04T23:50:43.894+00:00,24.420955200195316,52.48121643066406,98362,24.03,°C
Decentlab_Air_Monitor,2023-10-04T23:50:46.053+00:00,0,0,0,0,
Decentlab_Air_Monitor,2023-10-04T23:50:48.206+00:00,0,0,0,0,
Decentlab_Air_Monitor,2023-10-04T23:58:43.362+00:00,24.46921813964844,52.376312255859375,98416,24.27,°C
Decentlab_Air_Monitor,2023-10-04T23:58:45.512+00:00,24.46921813964844,52.376312255859375,98416,24.27,°C
Decentlab_Air_Monitor,2023-10-04T23:58:47.664+00:00,24.46921813964844,52.376312255859375,98416,24.27,°C
Decentlab_Air_Monitor,2023-10-05T00:00:37.806+00:00,24.407548828124995,52.399200439453125,98366,24.01,°C
Decentlab_Air_Monitor,2023-10-05T00:00:39.956+00:00,0,0,0,0,
Decentlab_Air_Monitor,2023-10-05T00:00:42.113+00:00,0,0,0,0,
Decentlab_Air_Monitor,2023-10-05T00:08:45.205+00:00,24.45581176757812,52.27903747558594,98410,24.26,°C
Decentlab_Air_Monitor,2023-10-05T00:08:47.360+00:00,24.45581176757812,52.27903747558594,98410,24.26,°C
Decentlab_Air_Monitor,2023-10-05T00:10:38.076+00:00,24.394142456054688,52.3343505859375,98358,24,°C
Decentlab_Air_Monitor,2023-10-05T00:10:40.226+00:00,0,0,0,0,
Decentlab_Air_Monitor,2023-10-05T00:10:42.378+00:00,0,0,0,0,
Decentlab_Air_Monitor,2023-10-05T00:18:45.566+00:00,0,0,0,0,
Decentlab_Air_Monitor,2023-10-05T00:18:51.065+00:00,24.44776794433593,52.21990966796875,98406,24.25,°C
Decentlab_Air_Monitor,2023-10-05T00:20:42.633+00:00,24.380736083984367,52.261871337890625,98354,23.99,°C
Decentlab_Air_Monitor,2023-10-05T00:28:46.492+00:00,24.434361572265622,52.15887451171875,98416,24.23,°C
Decentlab_Air_Monitor,2023-10-05T00:30:37.252+00:00,24.37001098632812,52.20465087890625,98364,23.97,°C
Decentlab_Air_Monitor,2023-10-05T00:40:42.997+00:00,24.35660461425781,52.17413330078125,98358,23.96,°C
Decentlab_Air_Monitor,2023-10-05T00:48:43.996+00:00,24.412911376953126,52.10546875,98410,24.21,°C
Decentlab_Air_Monitor,2023-10-05T00:50:40.476+00:00,24.345879516601563,52.185577392578125,98360,23.95,°C
Decentlab_Air_Monitor,2023-10-05T00:58:45.878+00:00,24.407548828124995,52.15887451171875,98410,24.2,°C
Decentlab_Air_Monitor,2023-10-05T01:00:41.509+00:00,24.332473144531242,52.246612548828125,98354,23.93,°C
Decentlab_Air_Monitor,2023-10-05T01:20:43.576+00:00,24.311022949218746,52.36677551269531,98350,23.92,°C
Decentlab_Air_Monitor,2023-10-05T01:28:42.598+00:00,24.37537353515625,52.315277099609375,98394,24.17,°C
Decentlab_Air_Monitor,2023-10-05T01:30:39.240+00:00,24.308341674804687,52.3953857421875,98338,23.91,°C
Decentlab_Air_Monitor,2023-10-05T01:38:48.352+00:00,24.36732971191406,52.300018310546875,98386,24.16,°C
Decentlab_Air_Monitor,2023-10-05T01:40:43.008+00:00,24.294935302734366,52.38584899902344,98332,23.9,°C
Decentlab_Air_Monitor,2023-10-05T01:50:44.560+00:00,24.28689147949219,52.349609375,98328,23.89,°C
Decentlab_Air_Monitor,2023-10-05T01:58:43.907+00:00,24.345879516601563,52.2427978515625,98376,24.15,°C
Decentlab_Air_Monitor,2023-10-05T02:00:41.161+00:00,24.27884765625,52.34197998046875,98320,23.88,°C
Decentlab_Air_Monitor,2023-10-05T02:08:45.737+00:00,24.332473144531242,52.23326110839844,98376,24.14,°C
Decentlab_Air_Monitor,2023-10-05T02:10:42.948+00:00,24.268122558593753,52.35723876953125,98324,23.87,°C
Decentlab_Air_Monitor,2023-10-05T02:18:46.044+00:00,24.321748046874994,52.21990966796875,98374,24.13,°C
Decentlab_Air_Monitor,2023-10-05T02:20:44.470+00:00,24.257397460937504,52.37249755859375,98320,23.86,°C
Decentlab_Air_Monitor,2023-10-05T02:28:45.410+00:00,24.313704223632804,52.25996398925781,98370,24.12,°C
Decentlab_Air_Monitor,2023-10-05T02:38:42.645+00:00,24.30566040039063,52.21418762207031,98360,24.11,°C
Decentlab_Air_Monitor,2023-10-05T02:40:39.160+00:00,24.243991088867183,52.33625793457031,98308,23.85,°C
Decentlab_Air_Monitor,2023-10-05T02:48:48.120+00:00,24.29761657714844,52.1817626953125,98354,24.1,°C
Decentlab_Air_Monitor,2023-10-05T02:50:42.972+00:00,24.235947265624993,52.31146240234375,98300,23.84,°C
Decentlab_Air_Monitor,2023-10-05T03:00:44.550+00:00,24.225222167968745,52.30955505371094,98304,23.84,°C
Decentlab_Air_Monitor,2023-10-05T03:08:43.104+00:00,24.28689147949219,52.09974670410156,98348,24.09,°C
Decentlab_Air_Monitor,2023-10-05T03:10:41.261+00:00,24.225222167968745,52.27522277832031,98294,23.83,°C
Decentlab_Air_Monitor,2023-10-05T03:18:49.089+00:00,0,0,0,0,
Decentlab_Air_Monitor,2023-10-05T03:18:54.581+00:00,24.27884765625,52.048248291015625,98354,24.08,°C
Decentlab_Air_Monitor,2023-10-05T03:20:42.690+00:00,24.219859619140628,52.17985534667969,98306,23.82,°C
Decentlab_Air_Monitor,2023-10-05T03:28:43.078+00:00,24.268122558593753,51.9681396484375,98356,24.07,°C
Decentlab_Air_Monitor,2023-10-05T03:30:44.071+00:00,24.20377197265625,52.09593200683594,98304,23.81,°C
Decentlab_Air_Monitor,2023-10-05T03:38:43.429+00:00,24.252034912109373,51.910919189453125,98340,24.06,°C
Decentlab_Air_Monitor,2023-10-05T03:40:42.271+00:00,24.20109069824219,52.01963806152344,98286,23.8,°C
Decentlab_Air_Monitor,2023-10-05T03:50:36.739+00:00,24.182321777343752,51.918548583984375,98288,23.78,°C
Decentlab_Air_Monitor,2023-10-05T03:58:44.071+00:00,24.219859619140628,51.7239990234375,98340,24.02,°C
Decentlab_Air_Monitor,2023-10-05T04:00:39.667+00:00,24.158190307617183,51.819366455078125,98290,23.77,°C
Decentlab_Air_Monitor,2023-10-05T04:08:45.116+00:00,24.20377197265625,51.6324462890625,98346,24.01,°C
Decentlab_Air_Monitor,2023-10-05T04:10:41.995+00:00,24.142102661132817,51.7239990234375,98298,23.75,°C
Decentlab_Air_Monitor,2023-10-05T04:20:38.201+00:00,24.126015014648438,51.64007568359375,98306,23.74,°C
Decentlab_Air_Monitor,2023-10-05T04:40:44.024+00:00,24.09383972167968,51.4798583984375,98304,23.7,°C
Decentlab_Air_Monitor,2023-10-05T04:50:42.221+00:00,24.077752075195313,51.437896728515625,98316,23.69,°C
Decentlab_Air_Monitor,2023-10-05T05:00:40.690+00:00,24.064345703124992,51.46269226074219,98328,23.67,°C
Decentlab_Air_Monitor,2023-10-05T05:08:49.530+00:00,24.112608642578117,51.38258361816406,98392,23.91,°C
Decentlab_Air_Monitor,2023-10-05T05:10:39.581+00:00,24.045576782226554,51.51800537109375,98342,23.65,°C
Decentlab_Air_Monitor,2023-10-05T05:20:41.928+00:00,24.026807861328116,51.57713317871094,98336,23.64,°C
Decentlab_Air_Monitor,2023-10-05T05:28:44.946+00:00,24.080433349609372,51.45697021484375,98394,23.88,°C
Decentlab_Air_Monitor,2023-10-05T05:30:38.057+00:00,24.01072021484375,51.582855224609375,98340,23.62,°C
Decentlab_Air_Monitor,2023-10-05T05:38:47.178+00:00,24.067026977539065,51.48558044433594,98402,23.87,°C
Decentlab_Air_Monitor,2023-10-05T05:40:36.904+00:00,23.99463256835937,51.60383605957031,98344,23.6,°C
Decentlab_Air_Monitor,2023-10-05T05:50:44.045+00:00,23.97854492187499,51.71827697753906,98346,23.59,°C
Decentlab_Air_Monitor,2023-10-05T06:00:40.889+00:00,23.962457275390626,51.80792236328125,98364,23.57,°C
Decentlab_Air_Monitor,2023-10-05T06:08:45.760+00:00,24.0214453125,51.68013000488281,98416,23.82,°C
Decentlab_Air_Monitor,2023-10-05T06:10:44.039+00:00,23.94368835449219,51.85560607910156,98368,23.55,°C
Decentlab_Air_Monitor,2023-10-05T06:18:45.458+00:00,24.00535766601562,51.8460693359375,98412,23.81,°C
Decentlab_Air_Monitor,2023-10-05T06:20:36.872+00:00,23.92491943359375,52.078765869140625,98360,23.54,°C
Decentlab_Air_Monitor,2023-10-05T06:28:42.040+00:00,23.989270019531254,52.07304382324219,98392,23.79,°C
Decentlab_Air_Monitor,2023-10-05T06:30:40.066+00:00,23.90883178710937,52.30192565917969,98330,23.52,°C
Decentlab_Air_Monitor,2023-10-05T06:38:48.829+00:00,23.973182373046875,52.19129943847656,98378,23.77,°C
Decentlab_Air_Monitor,2023-10-05T06:40:40.897+00:00,23.890062866210933,52.467864990234375,98328,23.5,°C
Decentlab_Air_Monitor,2023-10-05T06:50:40.082+00:00,23.871293945312495,52.62617492675781,98330,23.48,°C
Decentlab_Air_Monitor,2023-10-05T06:58:46.400+00:00,23.94368835449219,52.4259033203125,98378,23.74,°C
Decentlab_Air_Monitor,2023-10-05T07:00:36.446+00:00,23.85520629882813,52.63189697265625,98316,23.47,°C
Decentlab_Air_Monitor,2023-10-05T07:08:48.076+00:00,23.92491943359375,52.43162536621094,98348,23.72,°C
Decentlab_Air_Monitor,2023-10-05T07:10:43.688+00:00,23.83643737792969,52.650970458984375,98292,23.45,°C
Decentlab_Air_Monitor,2023-10-05T07:18:48.702+00:00,23.903469238281254,52.513641357421875,98332,23.71,°C
Decentlab_Air_Monitor,2023-10-05T07:20:42.175+00:00,23.817668457031253,52.77685546875,98272,23.43,°C
Decentlab_Air_Monitor,2023-10-05T07:28:47.438+00:00,23.884700317382816,52.704376220703125,98318,23.69,°C
Decentlab_Air_Monitor,2023-10-05T07:30:41.200+00:00,23.796218261718742,52.97331237792969,98268,23.41,°C
Decentlab_Air_Monitor,2023-10-05T07:38:41.937+00:00,23.865931396484378,52.89320373535156,98322,23.67,°C
Decentlab_Air_Monitor,2023-10-05T07:40:43.262+00:00,23.774768066406246,53.18312072753906,98266,23.39,°C
Decentlab_Air_Monitor,2023-10-05T07:48:44.923+00:00,23.844481201171867,53.07249450683594,98308,23.65,°C
Decentlab_Air_Monitor,2023-10-05T07:50:43.347+00:00,23.75063659667969,53.36622619628906,98258,23.37,°C
Decentlab_Air_Monitor,2023-10-05T08:08:42.915+00:00,23.801580810546874,53.192657470703125,98294,23.6,°C
Decentlab_Air_Monitor,2023-10-05T08:18:46.856+00:00,23.777449340820304,53.07249450683594,98296,23.58,°C
Decentlab_Air_Monitor,2023-10-05T08:28:46.976+00:00,23.758680419921866,53.0057373046875,98296,23.56,°C
Decentlab_Air_Monitor,2023-10-05T08:38:42.689+00:00,23.7425927734375,53.017181396484375,98348,23.55,°C
Decentlab_Air_Monitor,2023-10-05T08:40:37.122+00:00,23.662154541015617,53.28802490234375,98302,23.28,°C
Decentlab_Air_Monitor,2023-10-05T08:48:47.286+00:00,23.72650512695312,53.16595458984375,98384,23.53,°C
Decentlab_Air_Monitor,2023-10-05T08:50:39.182+00:00,23.64070434570312,53.4635009765625,98338,23.26,°C
Decentlab_Air_Monitor,2023-10-05T09:08:44.478+00:00,23.670198364257807,53.814453125,98408,23.48,°C
Decentlab_Air_Monitor,2023-10-05T09:10:43.043+00:00,23.58707885742188,54.146331787109375,98354,23.2,°C
Decentlab_Air_Monitor,2023-10-05T09:18:43.583+00:00,23.6567919921875,53.9365234375,98404,23.46,°C
Decentlab_Air_Monitor,2023-10-05T09:20:38.542+00:00,23.55490356445312,54.2569580078125,98354,23.17,°C
Decentlab_Air_Monitor,2023-10-05T09:20:40.694+00:00,0,0,0,0,
Decentlab_Air_Monitor,2023-10-05T09:28:49.367+00:00,23.65142944335937,53.90409851074219,98406,23.43,°C
Decentlab_Air_Monitor,2023-10-05T09:28:51.518+00:00,23.65142944335937,53.90409851074219,98406,23.43,°C
Decentlab_Air_Monitor,2023-10-05T09:28:53.677+00:00,23.65142944335937,53.90409851074219,98406,23.43,°C
Decentlab_Air_Monitor,2023-10-05T09:30:39.543+00:00,23.528090820312492,54.24742126464844,98354,23.15,°C
Decentlab_Air_Monitor,2023-10-05T09:38:41.803+00:00,23.629979248046872,53.906005859375,98398,23.41,°C
Decentlab_Air_Monitor,2023-10-05T09:38:43.958+00:00,23.629979248046872,53.906005859375,98398,23.41,°C
Decentlab_Air_Monitor,2023-10-05T09:38:46.114+00:00,23.629979248046872,53.906005859375,98398,23.41,°C
Decentlab_Air_Monitor,2023-10-05T09:40:41.497+00:00,23.514684448242186,54.23406982421875,98342,23.12,°C
Decentlab_Air_Monitor,2023-10-05T09:40:43.654+00:00,0,0,0,0,
Decentlab_Air_Monitor,2023-10-05T09:48:48.881+00:00,23.595122680664055,53.93461608886719,98368,23.39,°C
Decentlab_Air_Monitor,2023-10-05T09:48:51.031+00:00,23.595122680664055,53.93461608886719,98368,23.39,°C
Decentlab_Air_Monitor,2023-10-05T09:48:53.188+00:00,23.595122680664055,53.93461608886719,98368,23.39,°C
Decentlab_Air_Monitor,2023-10-05T09:50:37.476+00:00,23.490552978515616,54.26268005371094,98314,23.1,°C
Decentlab_Air_Monitor,2023-10-05T09:50:39.627+00:00,0,0,0,0,
Decentlab_Air_Monitor,2023-10-05T09:58:42.731+00:00,23.57367248535156,54.01853942871094,98348,23.36,°C
Decentlab_Air_Monitor,2023-10-05T09:58:44.885+00:00,23.57367248535156,54.01853942871094,98348,23.36,°C
Decentlab_Air_Monitor,2023-10-05T09:58:47.041+00:00,23.57367248535156,54.01853942871094,98348,23.36,°C
Decentlab_Air_Monitor,2023-10-05T10:00:41.360+00:00,23.46642150878906,54.3790283203125,98292,23.08,°C
Decentlab_Air_Monitor,2023-10-05T10:00:45.661+00:00,0,0,0,0,
Decentlab_Air_Monitor,2023-10-05T10:08:42.984+00:00,23.549541015625003,54.06622314453125,98342,23.34,°C
Decentlab_Air_Monitor,2023-10-05T10:08:45.143+00:00,23.549541015625003,54.06622314453125,98342,23.34,°C
Decentlab_Air_Monitor,2023-10-05T10:08:47.293+00:00,23.549541015625003,54.06622314453125,98342,23.34,°C
Decentlab_Air_Monitor,2023-10-05T10:10:41.652+00:00,23.444971313476564,54.4248046875,98296,23.06,°C
Decentlab_Air_Monitor,2023-10-05T10:10:43.809+00:00,0,0,0,0,
Decentlab_Air_Monitor,2023-10-05T10:10:45.965+00:00,0,0,0,0,
Decentlab_Air_Monitor,2023-10-05T10:18:46.456+00:00,23.525409545898434,54.17112731933594,98364,23.32,°C
Decentlab_Air_Monitor,2023-10-05T10:18:48.608+00:00,23.525409545898434,54.17112731933594,98364,23.32,°C
Decentlab_Air_Monitor,2023-10-05T10:18:50.764+00:00,23.525409545898434,54.17112731933594,98364,23.32,°C
Decentlab_Air_Monitor,2023-10-05T10:20:37.814+00:00,23.420839843749995,54.5316162109375,98314,23.03,°C
Decentlab_Air_Monitor,2023-10-05T10:20:39.966+00:00,0,0,0,0,
Decentlab_Air_Monitor,2023-10-05T10:20:42.123+00:00,0,0,0,0,
Decentlab_Air_Monitor,2023-10-05T10:28:43.516+00:00,23.506640624999996,54.22453308105469,98362,23.3,°C
Decentlab_Air_Monitor,2023-10-05T10:28:47.828+00:00,23.506640624999996,54.22453308105469,98362,23.3,°C
Decentlab_Air_Monitor,2023-10-05T10:30:40.622+00:00,23.394027099609367,54.565948486328125,98314,23.01,°C
Decentlab_Air_Monitor,2023-10-05T10:30:42.771+00:00,0,0,0,0,
Decentlab_Air_Monitor,2023-10-05T10:30:44.924+00:00,0,0,0,0,
Decentlab_Air_Monitor,2023-10-05T10:38:45.339+00:00,23.48250915527344,54.25123596191406,98378,23.28,°C
Decentlab_Air_Monitor,2023-10-05T10:38:47.498+00:00,23.48250915527344,54.25123596191406,98378,23.28,°C
Decentlab_Air_Monitor,2023-10-05T10:38:49.649+00:00,23.48250915527344,54.25123596191406,98378,23.28,°C
Decentlab_Air_Monitor,2023-10-05T10:40:40.196+00:00,23.377939453125002,54.58311462402344,98320,22.99,°C
Decentlab_Air_Monitor,2023-10-05T10:40:42.347+00:00,0,0,0,0,
Decentlab_Air_Monitor,2023-10-05T10:40:44.505+00:00,0,0,0,0,
Decentlab_Air_Monitor,2023-10-05T10:48:41.675+00:00,23.463740234375003,54.367584228515625,98388,23.26,°C
Decentlab_Air_Monitor,2023-10-05T10:48:45.982+00:00,23.463740234375003,54.367584228515625,98388,23.26,°C
Decentlab_Air_Monitor,2023-10-05T10:50:40.915+00:00,23.35648925781249,54.73760986328125,98344,22.97,°C
Decentlab_Air_Monitor,2023-10-05T10:50:43.066+00:00,0,0,0,0,
Decentlab_Air_Monitor,2023-10-05T10:50:45.224+00:00,0,0,0,0,
Decentlab_Air_Monitor,2023-10-05T10:58:45.001+00:00,23.44229003906249,54.53733825683594,98396,23.24,°C
Decentlab_Air_Monitor,2023-10-05T10:58:47.157+00:00,23.44229003906249,54.53733825683594,98396,23.24,°C
Decentlab_Air_Monitor,2023-10-05T10:58:49.309+00:00,23.44229003906249,54.53733825683594,98396,23.24,°C
Decentlab_Air_Monitor,2023-10-05T11:00:46.610+00:00,23.324313964843746,54.95695495605469,98338,22.94,°C
Decentlab_Air_Monitor,2023-10-05T11:08:42.345+00:00,23.420839843749995,54.6231689453125,98366,23.21,°C
Decentlab_Air_Monitor,2023-10-05T11:08:44.502+00:00,23.420839843749995,54.6231689453125,98366,23.21,°C
Decentlab_Air_Monitor,2023-10-05T11:10:43.635+00:00,23.30018249511719,55.04087829589844,98304,22.91,°C
Decentlab_Air_Monitor,2023-10-05T11:10:45.789+00:00,0,0,0,0,
Decentlab_Air_Monitor,2023-10-05T11:10:47.939+00:00,0,0,0,0,
Decentlab_Air_Monitor,2023-10-05T11:18:47.638+00:00,23.3993896484375,54.7452392578125,98334,23.2,°C
Decentlab_Air_Monitor,2023-10-05T11:18:49.791+00:00,23.3993896484375,54.7452392578125,98334,23.2,°C
Decentlab_Air_Monitor,2023-10-05T11:18:51.946+00:00,23.3993896484375,54.7452392578125,98334,23.2,°C
Decentlab_Air_Monitor,2023-10-05T11:20:37.825+00:00,23.281413574218753,55.183929443359375,98288,22.89,°C
Decentlab_Air_Monitor,2023-10-05T11:20:39.983+00:00,0,0,0,0,
Decentlab_Air_Monitor,2023-10-05T11:28:45.009+00:00,23.38330200195312,54.89210510253906,98384,23.18,°C
Decentlab_Air_Monitor,2023-10-05T11:28:47.164+00:00,23.38330200195312,54.89210510253906,98384,23.18,°C
Decentlab_Air_Monitor,2023-10-05T11:28:49.314+00:00,23.38330200195312,54.89210510253906,98384,23.18,°C
Decentlab_Air_Monitor,2023-10-05T11:30:38.864+00:00,23.259963378906242,55.290740966796875,98330,22.87,°C
Decentlab_Air_Monitor,2023-10-05T11:30:41.023+00:00,0,0,0,0,
Decentlab_Air_Monitor,2023-10-05T11:38:44.400+00:00,23.36453308105468,54.95314025878906,98370,23.16,°C
Decentlab_Air_Monitor,2023-10-05T11:38:46.552+00:00,23.36453308105468,54.95314025878906,98370,23.16,°C
Decentlab_Air_Monitor,2023-10-05T11:40:39.915+00:00,23.246557006835936,55.359405517578125,98318,22.85,°C
Decentlab_Air_Monitor,2023-10-05T11:40:44.222+00:00,0,0,0,0,
Decentlab_Air_Monitor,2023-10-05T11:48:47.776+00:00,23.345764160156243,55.04850769042969,98376,23.14,°C
Decentlab_Air_Monitor,2023-10-05T11:48:49.931+00:00,23.345764160156243,55.04850769042969,98376,23.14,°C
Decentlab_Air_Monitor,2023-10-05T11:48:52.084+00:00,23.345764160156243,55.04850769042969,98376,23.14,°C
Decentlab_Air_Monitor,2023-10-05T11:50:40.328+00:00,23.230469360351556,55.48719787597656,98332,22.84,°C
Decentlab_Air_Monitor,2023-10-05T11:50:44.641+00:00,0,0,0,0,
Decentlab_Air_Monitor,2023-10-05T11:58:48.671+00:00,23.329676513671878,55.187744140625,98424,23.12,°C
Decentlab_Air_Monitor,2023-10-05T11:58:50.824+00:00,23.329676513671878,55.187744140625,98424,23.12,°C
Decentlab_Air_Monitor,2023-10-05T11:58:52.975+00:00,23.329676513671878,55.187744140625,98424,23.12,°C
Decentlab_Air_Monitor,2023-10-05T12:00:45.397+00:00,23.21706298828125,55.60736083984375,98378,22.82,°C
Decentlab_Air_Monitor,2023-10-05T12:00:47.548+00:00,0,0,0,0,
Decentlab_Air_Monitor,2023-10-05T12:08:42.840+00:00,23.31895141601563,55.248779296875,98452,23.11,°C
Decentlab_Air_Monitor,2023-10-05T12:08:47.148+00:00,23.31895141601563,55.248779296875,98452,23.11,°C
Decentlab_Air_Monitor,2023-10-05T12:10:39.400+00:00,0,0,0,0,
Decentlab_Air_Monitor,2023-10-05T12:10:44.898+00:00,23.19829406738281,55.68365478515625,98400,22.81,°C
Decentlab_Air_Monitor,2023-10-05T12:18:46.500+00:00,23.29750122070312,55.37847900390625,98446,23.1,°C
Decentlab_Air_Monitor,2023-10-05T12:18:48.651+00:00,23.29750122070312,55.37847900390625,98446,23.1,°C
Decentlab_Air_Monitor,2023-10-05T12:18:50.803+00:00,23.29750122070312,55.37847900390625,98446,23.1,°C
Decentlab_Air_Monitor,2023-10-05T12:20:42.051+00:00,23.18220642089843,55.83815002441406,98384,22.79,°C
Decentlab_Air_Monitor,2023-10-05T12:28:43.158+00:00,23.276051025390622,55.443328857421875,98420,23.08,°C
Decentlab_Air_Monitor,2023-10-05T12:30:36.704+00:00,23.168800048828125,55.92207336425781,98366,22.78,°C
Decentlab_Air_Monitor,2023-10-05T12:38:43.988+00:00,23.259963378906242,55.51390075683594,98400,23.06,°C
Decentlab_Air_Monitor,2023-10-05T12:40:38.510+00:00,23.155393676757804,55.92207336425781,98342,22.76,°C
Decentlab_Air_Monitor,2023-10-05T12:48:48.444+00:00,23.249238281249994,55.43760681152344,98398,23.05,°C
Decentlab_Air_Monitor,2023-10-05T12:50:40.131+00:00,23.141987304687497,55.840057373046875,98346,22.75,°C
Decentlab_Air_Monitor,2023-10-05T12:58:47.177+00:00,23.243875732421877,55.53106689453125,98404,23.04,°C
Decentlab_Air_Monitor,2023-10-05T13:00:40.828+00:00,23.13662475585938,55.9354248046875,98352,22.74,°C
Decentlab_Air_Monitor,2023-10-05T13:08:45.710+00:00,23.22510681152344,55.56730651855469,98378,23.03,°C
Decentlab_Air_Monitor,2023-10-05T13:10:42.303+00:00,23.109812011718752,55.97166442871094,98316,22.73,°C
Decentlab_Air_Monitor,2023-10-05T13:18:48.602+00:00,23.21438171386719,55.710357666015625,98382,23.02,°C
Decentlab_Air_Monitor,2023-10-05T13:20:39.230+00:00,23.10444946289062,56.152862548828125,98334,22.72,°C
Decentlab_Air_Monitor,2023-10-05T13:30:37.606+00:00,23.091043090820314,56.34169006347656,98346,22.71,°C
Decentlab_Air_Monitor,2023-10-05T13:38:42.354+00:00,23.187568969726563,56.12615966796875,98400,22.99,°C
Decentlab_Air_Monitor,2023-10-05T13:40:37.801+00:00,23.074955444335934,56.58392333984375,98348,22.69,°C
Decentlab_Air_Monitor,2023-10-05T13:48:43.286+00:00,23.17416259765624,56.32643127441406,98408,22.98,°C
Decentlab_Air_Monitor,2023-10-05T13:50:36.269+00:00,23.056186523437496,56.78228759765625,98354,22.68,°C
Decentlab_Air_Monitor,2023-10-05T13:58:41.397+00:00,23.160756225585935,56.40653991699219,98416,22.96,°C
Decentlab_Air_Monitor,2023-10-05T14:00:43.208+00:00,23.03741760253906,56.862396240234375,98360,22.66,°C
Decentlab_Air_Monitor,2023-10-05T14:08:45.123+00:00,23.144668579101555,56.49809265136719,98424,22.95,°C
Decentlab_Air_Monitor,2023-10-05T14:10:37.530+00:00,23.01864868164062,56.976837158203125,98374,22.64,°C
Decentlab_Air_Monitor,2023-10-05T14:28:48.582+00:00,23.099086914062504,56.67547607421875,98420,22.92,°C
Decentlab_Air_Monitor,2023-10-05T14:30:40.169+00:00,22.981110839843744,57.15040588378906,98366,22.6,°C
Decentlab_Air_Monitor,2023-10-05T14:40:39.550+00:00,22.954298095703116,57.289642333984375,98356,22.57,°C
Decentlab_Air_Monitor,2023-10-05T14:50:37.748+00:00,22.927485351562503,57.266754150390625,98352,22.55,°C
Decentlab_Air_Monitor,2023-10-05T14:58:46.825+00:00,23.053505249023438,56.76702880859375,98424,22.86,°C
Decentlab_Air_Monitor,2023-10-05T15:00:36.216+00:00,22.908716430664064,57.259124755859375,98372,22.53,°C
Decentlab_Air_Monitor,2023-10-05T15:08:44.310+00:00,23.03741760253906,56.80708312988281,98436,22.85,°C
Decentlab_Air_Monitor,2023-10-05T15:18:47.446+00:00,23.02132995605468,56.93487548828125,98428,22.83,°C
Decentlab_Air_Monitor,2023-10-05T15:18:51.755+00:00,23.02132995605468,56.93487548828125,98428,22.83,°C
Decentlab_Air_Monitor,2023-10-05T15:20:37.470+00:00,22.86849731445313,57.47846984863281,98368,22.49,°C
Decentlab_Air_Monitor,2023-10-05T15:28:51.008+00:00,22.999879760742182,57.07220458984375,98416,22.81,°C
Decentlab_Air_Monitor,2023-10-05T15:28:53.166+00:00,22.999879760742182,57.07220458984375,98416,22.81,°C
Decentlab_Air_Monitor,2023-10-05T15:30:41.688+00:00,22.833640747070312,57.65966796875,98356,22.46,°C
Decentlab_Air_Monitor,2023-10-05T15:38:46+00:00,22.970385742187496,57.12751770019531,98418,22.78,°C
Decentlab_Air_Monitor,2023-10-05T15:38:48.151+00:00,22.970385742187496,57.12751770019531,98418,22.78,°C
Decentlab_Air_Monitor,2023-10-05T15:38:50.306+00:00,22.970385742187496,57.12751770019531,98418,22.78,°C
Decentlab_Air_Monitor,2023-10-05T15:40:40.115+00:00,22.825596923828122,57.65776062011719,98358,22.42,°C
Decentlab_Air_Monitor,2023-10-05T15:48:47.672+00:00,22.948935546875,57.16566467285156,98406,22.76,°C
Decentlab_Air_Monitor,2023-10-05T15:48:49.829+00:00,22.948935546875,57.16566467285156,98406,22.76,°C
Decentlab_Air_Monitor,2023-10-05T15:48:51.982+00:00,22.948935546875,57.16566467285156,98406,22.76,°C
Decentlab_Air_Monitor,2023-10-05T15:50:43.481+00:00,22.780015258789057,57.74549865722656,98350,22.39,°C
Decentlab_Air_Monitor,2023-10-05T15:58:48.326+00:00,22.92480407714843,57.327789306640625,98394,22.73,°C
Decentlab_Air_Monitor,2023-10-05T15:58:50.483+00:00,22.92480407714843,57.327789306640625,98394,22.73,°C
Decentlab_Air_Monitor,2023-10-05T15:58:52.642+00:00,22.92480407714843,57.327789306640625,98394,22.73,°C
Decentlab_Air_Monitor,2023-10-05T16:00:37.743+00:00,22.74247741699218,57.953399658203125,98334,22.35,°C
Decentlab_Air_Monitor,2023-10-05T16:08:46.966+00:00,22.892628784179685,57.35258483886719,98354,22.7,°C
Decentlab_Air_Monitor,2023-10-05T16:08:49.121+00:00,22.892628784179685,57.35258483886719,98354,22.7,°C
Decentlab_Air_Monitor,2023-10-05T16:08:51.273+00:00,22.892628784179685,57.35258483886719,98354,22.7,°C
Decentlab_Air_Monitor,2023-10-05T16:10:36.204+00:00,22.707620849609377,57.9190673828125,98296,22.32,°C
Decentlab_Air_Monitor,2023-10-05T16:18:41.690+00:00,22.87117858886719,57.201904296875,98346,22.68,°C
Decentlab_Air_Monitor,2023-10-05T16:18:43.848+00:00,22.87117858886719,57.201904296875,98346,22.68,°C
Decentlab_Air_Monitor,2023-10-05T16:18:45.998+00:00,22.87117858886719,57.201904296875,98346,22.68,°C
Decentlab_Air_Monitor,2023-10-05T16:20:39.122+00:00,22.683489379882808,57.75312805175781,98292,22.29,°C
Decentlab_Air_Monitor,2023-10-05T16:28:44.253+00:00,22.85509094238281,57.20953369140625,98304,22.66,°C
Decentlab_Air_Monitor,2023-10-05T16:28:46.410+00:00,22.85509094238281,57.20953369140625,98304,22.66,°C
Decentlab_Air_Monitor,2023-10-05T16:28:48.567+00:00,22.85509094238281,57.20953369140625,98304,22.66,°C
Decentlab_Air_Monitor,2023-10-05T16:30:41.030+00:00,22.66203918457031,57.785552978515625,98246,22.27,°C
Decentlab_Air_Monitor,2023-10-05T16:38:47.077+00:00,22.83632202148437,57.175201416015625,98288,22.64,°C
Decentlab_Air_Monitor,2023-10-05T16:38:51.392+00:00,22.83632202148437,57.175201416015625,98288,22.64,°C
Decentlab_Air_Monitor,2023-10-05T16:40:41.306+00:00,22.648632812500004,57.716888427734375,98238,22.25,°C
Decentlab_Air_Monitor,2023-10-05T16:48:41.405+00:00,22.830959472656254,57.13133239746094,98290,22.63,°C
Decentlab_Air_Monitor,2023-10-05T16:48:43.564+00:00,22.830959472656254,57.13133239746094,98290,22.63,°C
Decentlab_Air_Monitor,2023-10-05T16:50:41.853+00:00,22.64595153808593,57.65776062011719,98248,22.25,°C
Decentlab_Air_Monitor,2023-10-05T16:58:48.719+00:00,22.82023437499999,57.076019287109375,98346,22.63,°C
Decentlab_Air_Monitor,2023-10-05T16:58:50.879+00:00,22.82023437499999,57.076019287109375,98346,22.63,°C
Decentlab_Air_Monitor,2023-10-05T16:58:53.032+00:00,22.82023437499999,57.076019287109375,98346,22.63,°C
Decentlab_Air_Monitor,2023-10-05T17:00:40.454+00:00,22.63790771484374,57.571929931640625,98290,22.25,°C
Decentlab_Air_Monitor,2023-10-05T17:08:42.092+00:00,22.817553100585933,56.90626525878906,98340,22.62,°C
Decentlab_Air_Monitor,2023-10-05T17:08:46.401+00:00,22.817553100585933,56.90626525878906,98340,22.62,°C
Decentlab_Air_Monitor,2023-10-05T17:10:38.237+00:00,22.643270263671873,57.40599060058594,98286,22.25,°C
Decentlab_Air_Monitor,2023-10-05T17:18:45.455+00:00,22.809509277343743,56.81280517578125,98340,22.62,°C
Decentlab_Air_Monitor,2023-10-05T17:18:47.610+00:00,22.809509277343743,56.81280517578125,98340,22.62,°C
Decentlab_Air_Monitor,2023-10-05T17:20:43.794+00:00,22.63790771484374,57.29345703125,98284,22.25,°C
Decentlab_Air_Monitor,2023-10-05T17:28:44.906+00:00,22.806828002929684,56.77656555175781,98348,22.61,°C
Decentlab_Air_Monitor,2023-10-05T17:28:47.064+00:00,22.806828002929684,56.77656555175781,98348,22.61,°C
Decentlab_Air_Monitor,2023-10-05T17:28:49.221+00:00,22.806828002929684,56.77656555175781,98348,22.61,°C
Decentlab_Air_Monitor,2023-10-05T17:30:40.922+00:00,22.63790771484374,57.25340270996094,98294,22.25,°C
Decentlab_Air_Monitor,2023-10-05T17:38:45.660+00:00,22.801465454101567,56.770843505859375,98330,22.61,°C
Decentlab_Air_Monitor,2023-10-05T17:38:47.817+00:00,22.801465454101567,56.770843505859375,98330,22.61,°C
Decentlab_Air_Monitor,2023-10-05T17:38:49.973+00:00,22.801465454101567,56.770843505859375,98330,22.61,°C
Decentlab_Air_Monitor,2023-10-05T17:40:38.624+00:00,22.632545166015625,57.31443786621094,98268,22.24,°C
Decentlab_Air_Monitor,2023-10-05T17:48:48.080+00:00,22.798784179687495,56.87956237792969,98310,22.6,°C
Decentlab_Air_Monitor,2023-10-05T17:48:50.233+00:00,22.798784179687495,56.87956237792969,98310,22.6,°C
Decentlab_Air_Monitor,2023-10-05T17:48:52.384+00:00,22.798784179687495,56.87956237792969,98310,22.6,°C
Decentlab_Air_Monitor,2023-10-05T17:50:38.043+00:00,22.629863891601566,57.385009765625,98258,22.24,°C
Decentlab_Air_Monitor,2023-10-05T17:58:43.227+00:00,22.796102905273436,56.87384033203125,98292,22.6,°C
Decentlab_Air_Monitor,2023-10-05T17:58:45.383+00:00,22.796102905273436,56.87384033203125,98292,22.6,°C
Decentlab_Air_Monitor,2023-10-05T17:58:47.543+00:00,22.796102905273436,56.87384033203125,98292,22.6,°C
Decentlab_Air_Monitor,2023-10-05T18:00:42.962+00:00,22.627182617187493,57.39836120605469,98234,22.24,°C
Decentlab_Air_Monitor,2023-10-05T18:08:44.927+00:00,22.793421630859378,56.8662109375,98274,22.6,°C
Decentlab_Air_Monitor,2023-10-05T18:08:47.086+00:00,22.793421630859378,56.8662109375,98274,22.6,°C
Decentlab_Air_Monitor,2023-10-05T18:08:49.241+00:00,22.793421630859378,56.8662109375,98274,22.6,°C
Decentlab_Air_Monitor,2023-10-05T18:10:41.219+00:00,22.627182617187493,57.37928771972656,98220,22.24,°C
Decentlab_Air_Monitor,2023-10-05T18:18:47.653+00:00,22.788059082031246,56.88909912109375,98256,22.6,°C
Decentlab_Air_Monitor,2023-10-05T18:18:49.810+00:00,22.788059082031246,56.88909912109375,98256,22.6,°C
Decentlab_Air_Monitor,2023-10-05T18:20:41.803+00:00,22.627182617187493,57.385009765625,98202,22.24,°C
Decentlab_Air_Monitor,2023-10-05T18:28:44.336+00:00,22.788059082031246,56.82234191894531,98238,22.59,°C
Decentlab_Air_Monitor,2023-10-05T18:28:48.642+00:00,22.788059082031246,56.82234191894531,98238,22.59,°C
Decentlab_Air_Monitor,2023-10-05T18:30:40.484+00:00,22.624501342773435,57.29536437988281,98184,22.23,°C
Decentlab_Air_Monitor,2023-10-05T18:38:42.653+00:00,22.77465270996094,56.65068054199219,98212,22.58,°C
Decentlab_Air_Monitor,2023-10-05T18:38:44.813+00:00,22.77465270996094,56.65068054199219,98212,22.58,°C
Decentlab_Air_Monitor,2023-10-05T18:50:43.616+00:00,22.616457519531245,56.86811828613281,98148,22.22,°C
Decentlab_Air_Monitor,2023-10-05T18:58:43.316+00:00,22.76929016113281,56.33978271484375,98192,22.58,°C
Decentlab_Air_Monitor,2023-10-05T18:58:45.474+00:00,22.76929016113281,56.33978271484375,98192,22.58,°C
Decentlab_Air_Monitor,2023-10-05T19:00:40.075+00:00,22.611094970703128,56.77656555175781,98142,22.22,°C
Decentlab_Air_Monitor,2023-10-05T19:08:44.635+00:00,22.76392761230469,56.24822998046875,98188,22.57,°C
Decentlab_Air_Monitor,2023-10-05T19:10:38.999+00:00,22.605732421874997,56.679290771484375,98134,22.22,°C
Decentlab_Air_Monitor,2023-10-05T19:18:41.968+00:00,22.75856506347656,56.19291687011719,98182,22.57,°C
Decentlab_Air_Monitor,2023-10-05T19:18:44.123+00:00,22.75856506347656,56.19291687011719,98182,22.57,°C
Decentlab_Air_Monitor,2023-10-05T19:28:45.442+00:00,22.75052124023437,56.18147277832031,98178,22.56,°C
Decentlab_Air_Monitor,2023-10-05T19:30:37.132+00:00,22.59232604980469,56.648773193359375,98122,22.2,°C
Decentlab_Air_Monitor,2023-10-05T19:38:44.650+00:00,22.737114868164063,56.164306640625,98160,22.55,°C
Decentlab_Air_Monitor,2023-10-05T19:38:46.805+00:00,22.737114868164063,56.164306640625,98160,22.55,°C
Decentlab_Air_Monitor,2023-10-05T19:40:37.645+00:00,22.57891967773437,56.6373291015625,98104,22.19,°C
Decentlab_Air_Monitor,2023-10-05T19:48:44.030+00:00,22.718345947265625,56.164306640625,98170,22.54,°C
Decentlab_Air_Monitor,2023-10-05T19:50:40.733+00:00,22.573557128906252,56.64305114746094,98114,22.18,°C
Decentlab_Air_Monitor,2023-10-05T19:58:47.377+00:00,22.712983398437494,56.17002868652344,98140,22.53,°C
Decentlab_Air_Monitor,2023-10-05T19:58:49.534+00:00,22.712983398437494,56.17002868652344,98140,22.53,°C
Decentlab_Air_Monitor,2023-10-05T20:00:42.413+00:00,22.56015075683593,56.6373291015625,98078,22.17,°C
Decentlab_Air_Monitor,2023-10-05T20:00:46.719+00:00,0,0,0,0,
Decentlab_Air_Monitor,2023-10-05T20:08:44.355+00:00,22.712983398437494,56.15476989746094,98112,22.52,°C
Decentlab_Air_Monitor,2023-10-05T20:08:46.515+00:00,22.712983398437494,56.15476989746094,98112,22.52,°C
Decentlab_Air_Monitor,2023-10-05T20:10:38.278+00:00,22.549425659179683,56.61444091796875,98054,22.16,°C
Decentlab_Air_Monitor,2023-10-05T20:10:40.428+00:00,0,0,0,0,
Decentlab_Air_Monitor,2023-10-05T20:10:42.580+00:00,0,0,0,0,
Decentlab_Air_Monitor,2023-10-05T20:18:42.396+00:00,22.710302124023436,56.10517883300781,98102,22.5,°C
Decentlab_Air_Monitor,2023-10-05T20:20:39.523+00:00,22.538700561523434,56.54005432128906,98042,22.15,°C
Decentlab_Air_Monitor,2023-10-05T20:20:43.828+00:00,0,0,0,0,
Decentlab_Air_Monitor,2023-10-05T20:30:40.027+00:00,22.530656738281245,56.4542236328125,98030,22.14,°C
Decentlab_Air_Monitor,2023-10-05T20:30:42.177+00:00,0,0,0,0,
Decentlab_Air_Monitor,2023-10-05T20:30:44.329+00:00,0,0,0,0,
Decentlab_Air_Monitor,2023-10-05T20:38:42.471+00:00,22.683489379882808,55.96022033691406,98090,22.48,°C
Decentlab_Air_Monitor,2023-10-05T20:38:44.627+00:00,22.683489379882808,55.96022033691406,98090,22.48,°C
Decentlab_Air_Monitor,2023-10-05T20:40:38.988+00:00,22.519931640624996,56.3931884765625,98036,22.13,°C
Decentlab_Air_Monitor,2023-10-05T20:40:41.138+00:00,0,0,0,0,
Decentlab_Air_Monitor,2023-10-05T20:40:43.292+00:00,0,0,0,0,
Decentlab_Air_Monitor,2023-10-05T20:48:46.076+00:00,22.67812683105469,55.923980712890625,98104,22.47,°C
Decentlab_Air_Monitor,2023-10-05T20:48:48.233+00:00,22.67812683105469,55.923980712890625,98104,22.47,°C
Decentlab_Air_Monitor,2023-10-05T20:50:36.946+00:00,22.517250366210938,56.35504150390625,98048,22.12,°C
Decentlab_Air_Monitor,2023-10-05T20:50:39.104+00:00,0,0,0,0,
Decentlab_Air_Monitor,2023-10-05T20:50:41.259+00:00,0,0,0,0,
Decentlab_Air_Monitor,2023-10-05T20:58:46.868+00:00,22.67276428222656,55.859130859375,98102,22.47,°C
Decentlab_Air_Monitor,2023-10-05T21:00:40.839+00:00,22.517250366210938,56.29209899902344,98042,22.12,°C
Decentlab_Air_Monitor,2023-10-05T21:00:42.995+00:00,0,0,0,0,
Decentlab_Air_Monitor,2023-10-05T21:00:45.148+00:00,0,0,0,0,
Decentlab_Air_Monitor,2023-10-05T21:08:41.263+00:00,22.6700830078125,55.862945556640625,98086,22.47,°C
Decentlab_Air_Monitor,2023-10-05T21:08:43.413+00:00,22.6700830078125,55.862945556640625,98086,22.47,°C
Decentlab_Air_Monitor,2023-10-05T21:10:37.179+00:00,22.519931640624996,56.30926513671875,98030,22.13,°C
Decentlab_Air_Monitor,2023-10-05T21:10:39.337+00:00,0,0,0,0,
Decentlab_Air_Monitor,2023-10-05T21:10:41.494+00:00,0,0,0,0,
Decentlab_Air_Monitor,2023-10-05T21:18:48.447+00:00,22.6700830078125,55.89727783203125,98084,22.47,°C
Decentlab_Air_Monitor,2023-10-05T21:18:50.599+00:00,22.6700830078125,55.89727783203125,98084,22.47,°C
Decentlab_Air_Monitor,2023-10-05T21:20:41.364+00:00,22.519931640624996,56.31880187988281,98026,22.13,°C
Decentlab_Air_Monitor,2023-10-05T21:20:43.517+00:00,0,0,0,0,
Decentlab_Air_Monitor,2023-10-05T21:20:45.670+00:00,0,0,0,0,
Decentlab_Air_Monitor,2023-10-05T21:28:46.057+00:00,22.66203918457031,55.91444396972656,98080,22.46,°C
Decentlab_Air_Monitor,2023-10-05T21:28:48.210+00:00,22.66203918457031,55.91444396972656,98080,22.46,°C
Decentlab_Air_Monitor,2023-10-05T21:30:40.239+00:00,22.51456909179688,56.34931945800781,98026,22.12,°C
Decentlab_Air_Monitor,2023-10-05T21:30:44.547+00:00,0,0,0,0,
Decentlab_Air_Monitor,2023-10-05T21:38:42.795+00:00,22.65399536132812,55.99455261230469,98084,22.45,°C
Decentlab_Air_Monitor,2023-10-05T21:38:44.949+00:00,22.65399536132812,55.99455261230469,98084,22.45,°C
Decentlab_Air_Monitor,2023-10-05T21:40:39.459+00:00,22.509206542968748,56.42179870605469,98026,22.12,°C
Decentlab_Air_Monitor,2023-10-05T21:40:41.612+00:00,0,0,0,0,
Decentlab_Air_Monitor,2023-10-05T21:40:43.766+00:00,0,0,0,0,
Decentlab_Air_Monitor,2023-10-05T21:48:45.278+00:00,22.64595153808593,56.046051025390625,98078,22.45,°C
Decentlab_Air_Monitor,2023-10-05T21:48:47.429+00:00,22.64595153808593,56.046051025390625,98078,22.45,°C
Decentlab_Air_Monitor,2023-10-05T21:50:35.874+00:00,22.503843994140617,56.47901916503906,98024,22.11,°C
Decentlab_Air_Monitor,2023-10-05T21:50:40.173+00:00,0,0,0,0,
Decentlab_Air_Monitor,2023-10-05T21:58:44.304+00:00,22.63790771484374,56.137603759765625,98082,22.44,°C
Decentlab_Air_Monitor,2023-10-05T21:58:46.456+00:00,22.63790771484374,56.137603759765625,98082,22.44,°C
Decentlab_Air_Monitor,2023-10-05T22:00:38.734+00:00,22.49311889648437,56.59346008300781,98026,22.1,°C
Decentlab_Air_Monitor,2023-10-05T22:00:40.886+00:00,0,0,0,0,
Decentlab_Air_Monitor,2023-10-05T22:10:41.017+00:00,22.47971252441406,56.69645690917969,98012,22.09,°C
Decentlab_Air_Monitor,2023-10-05T22:10:45.331+00:00,0,0,0,0,
Decentlab_Air_Monitor,2023-10-05T22:18:46.402+00:00,22.616457519531245,56.259674072265625,98062,22.42,°C
Decentlab_Air_Monitor,2023-10-05T22:18:48.555+00:00,22.616457519531245,56.259674072265625,98062,22.42,°C
Decentlab_Air_Monitor,2023-10-05T22:20:45.820+00:00,0,0,0,0,
Decentlab_Air_Monitor,2023-10-05T22:20:43.666+00:00,0,0,0,0,
Decentlab_Air_Monitor,2023-10-05T22:28:41.970+00:00,22.611094970703128,56.20054626464844,98056,22.41,°C
Decentlab_Air_Monitor,2023-10-05T22:28:44.126+00:00,22.611094970703128,56.20054626464844,98056,22.41,°C
Decentlab_Air_Monitor,2023-10-05T22:30:40.614+00:00,22.466306152343755,56.58201599121094,98000,22.08,°C
Decentlab_Air_Monitor,2023-10-05T22:30:42.764+00:00,0,0,0,0,
Decentlab_Air_Monitor,2023-10-05T22:30:44.919+00:00,0,0,0,0,
Decentlab_Air_Monitor,2023-10-05T22:40:44.436+00:00,22.460943603515624,56.52098083496094,97992,22.07,°C
Decentlab_Air_Monitor,2023-10-05T22:50:42.161+00:00,22.455581054687492,56.53814697265625,98004,22.07,°C
Decentlab_Air_Monitor,2023-10-05T22:58:46.798+00:00,22.5842822265625,56.24632263183594,98044,22.38,°C
Decentlab_Air_Monitor,2023-10-05T23:00:43.408+00:00,22.444855957031244,56.6678466796875,97988,22.06,°C
Decentlab_Air_Monitor,2023-10-05T23:08:41.404+00:00,22.573557128906252,56.229156494140625,98048,22.37,°C
Decentlab_Air_Monitor,2023-10-05T23:08:43.561+00:00,22.573557128906252,56.229156494140625,98048,22.37,°C
Decentlab_Air_Monitor,2023-10-05T23:10:39.914+00:00,22.434130859374996,56.6373291015625,97992,22.04,°C
Decentlab_Air_Monitor,2023-10-05T23:18:43.870+00:00,22.565513305664062,56.23297119140625,98050,22.36,°C
Decentlab_Air_Monitor,2023-10-05T23:28:42.939+00:00,22.55210693359374,56.274932861328125,98052,22.35,°C
Decentlab_Air_Monitor,2023-10-05T23:30:40.778+00:00,22.407318115234368,56.6983642578125,97996,22.02,°C
Decentlab_Air_Monitor,2023-10-05T23:38:44.762+00:00,22.541381835937493,56.23297119140625,98048,22.34,°C
Decentlab_Air_Monitor,2023-10-05T23:38:46.919+00:00,22.541381835937493,56.23297119140625,98048,22.34,°C
Decentlab_Air_Monitor,2023-10-05T23:48:43.263+00:00,22.530656738281245,56.164306640625,98028,22.33,°C
Decentlab_Air_Monitor,2023-10-05T23:50:36.978+00:00,22.391230468750003,56.58201599121094,97974,22,°C
Decentlab_Air_Monitor,2023-10-05T23:58:48.376+00:00,22.522612915039055,56.24822998046875,98032,22.32,°C
Decentlab_Air_Monitor,2023-10-05T23:58:50.527+00:00,22.522612915039055,56.24822998046875,98032,22.32,°C
Decentlab_Air_Monitor,2023-10-06T00:00:41.605+00:00,22.380505371093754,56.68310546875,97978,21.99,°C
Decentlab_Air_Monitor,2023-10-06T00:00:43.757+00:00,0,0,0,0,
Decentlab_Air_Monitor,2023-10-06T00:08:41.846+00:00,22.509206542968748,56.229156494140625,98034,22.31,°C
Decentlab_Air_Monitor,2023-10-06T00:08:43.997+00:00,22.509206542968748,56.229156494140625,98034,22.31,°C
Decentlab_Air_Monitor,2023-10-06T00:10:36.353+00:00,22.36978027343749,56.62397766113281,97980,21.98,°C
Decentlab_Air_Monitor,2023-10-06T00:18:48.781+00:00,0,0,0,0,
Decentlab_Air_Monitor,2023-10-06T00:18:54.278+00:00,22.503843994140617,56.19673156738281,98032,22.3,°C
Decentlab_Air_Monitor,2023-10-06T00:20:41.810+00:00,22.367098999023433,56.602996826171875,97976,21.97,°C
Decentlab_Air_Monitor,2023-10-06T00:20:43.967+00:00,0,0,0,0,
Decentlab_Air_Monitor,2023-10-06T00:20:46.120+00:00,0,0,0,0,
Decentlab_Air_Monitor,2023-10-06T00:28:44.890+00:00,22.4984814453125,56.18147277832031,98030,22.3,°C
Decentlab_Air_Monitor,2023-10-06T00:30:40.931+00:00,0,0,0,0,
Decentlab_Air_Monitor,2023-10-06T00:30:38.779+00:00,22.359055175781243,56.58201599121094,97972,21.97,°C
Decentlab_Air_Monitor,2023-10-06T00:38:44.987+00:00,22.48775634765625,56.18719482421875,98020,22.29,°C
Decentlab_Air_Monitor,2023-10-06T00:40:42.872+00:00,0,0,0,0,
Decentlab_Air_Monitor,2023-10-06T00:48:48.719+00:00,22.47971252441406,56.225341796875,98020,22.28,°C
Decentlab_Air_Monitor,2023-10-06T00:50:41.051+00:00,22.342967529296878,56.63923645019531,97962,21.95,°C
Decentlab_Air_Monitor,2023-10-06T00:50:43.200+00:00,0,0,0,0,
Decentlab_Air_Monitor,2023-10-06T00:50:45.353+00:00,0,0,0,0,
Decentlab_Air_Monitor,2023-10-06T00:58:45.248+00:00,22.460943603515624,56.290191650390625,98010,22.26,°C
Decentlab_Air_Monitor,2023-10-06T01:00:37.220+00:00,22.3268798828125,56.686920166015625,97950,21.94,°C
Decentlab_Air_Monitor,2023-10-06T01:08:48.133+00:00,22.452899780273434,56.29400634765625,97996,22.25,°C
Decentlab_Air_Monitor,2023-10-06T01:10:39.633+00:00,22.30811096191406,56.671661376953125,97940,21.92,°C
Decentlab_Air_Monitor,2023-10-06T01:10:41.788+00:00,0,0,0,0,
Decentlab_Air_Monitor,2023-10-06T01:10:43.938+00:00,0,0,0,0,
Decentlab_Air_Monitor,2023-10-06T01:18:46.267+00:00,22.436812133789054,56.32452392578125,98000,22.23,°C
Decentlab_Air_Monitor,2023-10-06T01:20:38.904+00:00,22.28397949218749,56.72125244140625,97944,21.9,°C
Decentlab_Air_Monitor,2023-10-06T01:20:41.063+00:00,0,0,0,0,
Decentlab_Air_Monitor,2023-10-06T01:28:41.846+00:00,22.418043212890616,56.33024597167969,98000,22.21,°C
Decentlab_Air_Monitor,2023-10-06T01:30:43.606+00:00,0,0,0,0,
Decentlab_Air_Monitor,2023-10-06T01:38:42.671+00:00,22.39659301757812,56.26921081542969,98004,22.19,°C
Decentlab_Air_Monitor,2023-10-06T01:40:40.047+00:00,22.243760375976557,56.68119812011719,97946,21.85,°C
Decentlab_Air_Monitor,2023-10-06T01:40:42.196+00:00,0,0,0,0,
Decentlab_Air_Monitor,2023-10-06T01:40:44.355+00:00,0,0,0,0,
Decentlab_Air_Monitor,2023-10-06T01:48:41.021+00:00,22.380505371093754,56.183380126953125,98004,22.18,°C
Decentlab_Air_Monitor,2023-10-06T01:50:37.826+00:00,22.23035400390625,56.6068115234375,97952,21.83,°C
Decentlab_Air_Monitor,2023-10-06T01:50:42.140+00:00,0,0,0,0,
Decentlab_Air_Monitor,2023-10-06T01:58:44.280+00:00,22.372461547851564,56.09564208984375,98022,22.16,°C
Decentlab_Air_Monitor,2023-10-06T02:00:39.392+00:00,22.21962890625,56.526702880859375,97966,21.82,°C
Decentlab_Air_Monitor,2023-10-06T02:00:43.705+00:00,0,0,0,0,
Decentlab_Air_Monitor,2023-10-06T02:08:41.740+00:00,22.359055175781243,55.98310852050781,98024,22.16,°C
Decentlab_Air_Monitor,2023-10-06T02:10:40.522+00:00,22.208903808593753,56.41607666015625,97966,21.82,°C
Decentlab_Air_Monitor,2023-10-06T02:10:42.681+00:00,0,0,0,0,
Decentlab_Air_Monitor,2023-10-06T02:18:46.801+00:00,22.353692626953126,55.8743896484375,98022,22.15,°C
Decentlab_Air_Monitor,2023-10-06T02:20:38.224+00:00,22.208903808593753,56.29400634765625,97962,21.82,°C
Decentlab_Air_Monitor,2023-10-06T02:20:40.383+00:00,0,0,0,0,
Decentlab_Air_Monitor,2023-10-06T02:20:42.534+00:00,0,0,0,0,
Decentlab_Air_Monitor,2023-10-06T02:28:44.628+00:00,22.342967529296878,55.794281005859375,98028,22.14,°C
Decentlab_Air_Monitor,2023-10-06T02:30:37.634+00:00,22.203541259765622,56.20245361328125,97972,21.81,°C
Decentlab_Air_Monitor,2023-10-06T02:30:39.787+00:00,0,0,0,0,
Decentlab_Air_Monitor,2023-10-06T02:38:40.975+00:00,22.33224243164063,55.748504638671875,98032,22.12,°C
Decentlab_Air_Monitor,2023-10-06T02:40:38.536+00:00,22.184772338867184,56.1337890625,97976,21.8,°C
Decentlab_Air_Monitor,2023-10-06T02:40:40.692+00:00,0,0,0,0,
Decentlab_Air_Monitor,2023-10-06T02:40:42.849+00:00,0,0,0,0,
Decentlab_Air_Monitor,2023-10-06T02:48:48.291+00:00,22.31615478515625,55.70463562011719,98028,22.11,°C
Decentlab_Air_Monitor,2023-10-06T02:50:40.851+00:00,22.171365966796877,56.08610534667969,97972,21.78,°C
Decentlab_Air_Monitor,2023-10-06T02:50:43.007+00:00,0,0,0,0,
Decentlab_Air_Monitor,2023-10-06T02:50:45.156+00:00,0,0,0,0,
Decentlab_Air_Monitor,2023-10-06T03:00:41.475+00:00,22.155278320312497,56.03269958496094,97960,21.77,°C
Decentlab_Air_Monitor,2023-10-06T03:10:40.227+00:00,22.14455322265625,55.9354248046875,97940,21.75,°C
Decentlab_Air_Monitor,2023-10-06T03:18:44.324+00:00,22.273254394531243,55.458587646484375,97998,22.07,°C
Decentlab_Air_Monitor,2023-10-06T03:20:41.682+00:00,22.13650939941406,55.82861328125,97946,21.74,°C
Decentlab_Air_Monitor,2023-10-06T03:28:45.486+00:00,22.262529296874995,55.38038635253906,98000,22.06,°C
Decentlab_Air_Monitor,2023-10-06T03:30:42.597+00:00,22.12042175292968,55.740875244140625,97944,21.73,°C
Decentlab_Air_Monitor,2023-10-06T03:38:43.159+00:00,22.257166748046878,55.31553649902344,97986,22.04,°C
Decentlab_Air_Monitor,2023-10-06T03:48:47.785+00:00,22.24644165039063,55.26594543457031,97970,22.03,°C
Decentlab_Air_Monitor,2023-10-06T03:50:36.814+00:00,22.088246459960935,55.6455078125,97910,21.7,°C
Decentlab_Air_Monitor,2023-10-06T03:58:42.514+00:00,22.21962890625,55.248779296875,97958,22.01,°C
Decentlab_Air_Monitor,2023-10-06T04:08:41.009+00:00,22.203541259765622,55.21063232421875,97932,21.99,°C
Decentlab_Air_Monitor,2023-10-06T04:18:48+00:00,22.190134887695315,55.2030029296875,97930,21.98,°C
Decentlab_Air_Monitor,2023-10-06T04:20:37.460+00:00,22.03462097167968,55.59210205078125,97880,21.64,°C
Decentlab_Air_Monitor,2023-10-06T04:28:45.967+00:00,22.168684692382804,55.244964599609375,97930,21.96,°C
Decentlab_Air_Monitor,2023-10-06T04:30:38.769+00:00,22.010489501953124,55.63787841796875,97876,21.62,°C
Decentlab_Air_Monitor,2023-10-06T04:40:37.401+00:00,21.989039306640628,55.656951904296875,97882,21.6,°C
Decentlab_Air_Monitor,2023-10-06T04:48:45.934+00:00,22.131146850585942,55.298370361328125,97946,21.92,°C
Decentlab_Air_Monitor,2023-10-06T04:50:40.091+00:00,21.967589111328117,55.71989440917969,97890,21.58,°C
Decentlab_Air_Monitor,2023-10-06T04:58:42.075+00:00,22.112377929687504,55.31935119628906,97934,21.9,°C
Decentlab_Air_Monitor,2023-10-06T05:00:41.563+00:00,21.95150146484375,55.7218017578125,97878,21.56,°C
Decentlab_Air_Monitor,2023-10-06T05:08:41.779+00:00,22.10165283203124,55.30409240722656,97922,21.89,°C
Decentlab_Air_Monitor,2023-10-06T05:10:38.508+00:00,21.935413818359372,55.71417236328125,97868,21.55,°C
Decentlab_Air_Monitor,2023-10-06T05:18:42.341+00:00,22.096290283203125,55.31744384765625,97922,21.88,°C
Decentlab_Air_Monitor,2023-10-06T05:20:36.840+00:00,21.924688720703124,55.72943115234375,97870,21.54,°C
Decentlab_Air_Monitor,2023-10-06T05:28:41.198+00:00,22.072158813476555,55.2945556640625,97924,21.87,°C
Decentlab_Air_Monitor,2023-10-06T05:28:43.349+00:00,22.072158813476555,55.2945556640625,97924,21.87,°C
Decentlab_Air_Monitor,2023-10-06T05:28:45.508+00:00,22.072158813476555,55.2945556640625,97924,21.87,°C
Decentlab_Air_Monitor,2023-10-06T05:30:37.019+00:00,21.908601074218744,55.70845031738281,97876,21.53,°C
Decentlab_Air_Monitor,2023-10-06T05:38:47.432+00:00,22.069477539062497,55.25450134277344,97958,21.86,°C
Decentlab_Air_Monitor,2023-10-06T05:38:49.586+00:00,22.069477539062497,55.25450134277344,97958,21.86,°C
Decentlab_Air_Monitor,2023-10-06T05:38:51.739+00:00,22.069477539062497,55.25450134277344,97958,21.86,°C
Decentlab_Air_Monitor,2023-10-06T05:40:35.380+00:00,21.908601074218744,55.63597106933594,97906,21.53,°C
Decentlab_Air_Monitor,2023-10-06T05:48:42.957+00:00,22.06411499023438,55.01226806640625,97962,21.86,°C
Decentlab_Air_Monitor,2023-10-06T05:48:47.264+00:00,22.06411499023438,55.01226806640625,97962,21.86,°C
Decentlab_Air_Monitor,2023-10-06T05:50:42.649+00:00,21.913963623046875,55.328887939453125,97908,21.53,°C
Decentlab_Air_Monitor,2023-10-06T05:58:43.844+00:00,22.053389892578117,54.58692932128906,97978,21.85,°C
Decentlab_Air_Monitor,2023-10-06T05:58:45.997+00:00,22.053389892578117,54.58692932128906,97978,21.85,°C
Decentlab_Air_Monitor,2023-10-06T05:58:48.150+00:00,22.053389892578117,54.58692932128906,97978,21.85,°C
Decentlab_Air_Monitor,2023-10-06T06:00:37.171+00:00,21.908601074218744,54.86921691894531,97926,21.53,°C
Decentlab_Air_Monitor,2023-10-06T06:08:42.063+00:00,22.03998352050781,54.26649475097656,97978,21.84,°C
Decentlab_Air_Monitor,2023-10-06T06:08:46.372+00:00,22.03998352050781,54.26649475097656,97978,21.84,°C
Decentlab_Air_Monitor,2023-10-06T06:10:40.245+00:00,21.908601074218744,54.59074401855469,97916,21.51,°C
Decentlab_Air_Monitor,2023-10-06T06:18:41.633+00:00,22.02389587402343,54.14060974121094,97966,21.82,°C
Decentlab_Air_Monitor,2023-10-06T06:18:43.792+00:00,22.02389587402343,54.14060974121094,97966,21.82,°C
Decentlab_Air_Monitor,2023-10-06T06:18:45.947+00:00,22.02389587402343,54.14060974121094,97966,21.82,°C
Decentlab_Air_Monitor,2023-10-06T06:20:41.934+00:00,21.903238525390627,54.455322265625,97910,21.5,°C
Decentlab_Air_Monitor,2023-10-06T06:28:46.461+00:00,22.010489501953124,54.05668640136719,97970,21.81,°C
Decentlab_Air_Monitor,2023-10-06T06:28:48.621+00:00,22.010489501953124,54.05668640136719,97970,21.81,°C
Decentlab_Air_Monitor,2023-10-06T06:28:50.770+00:00,22.010489501953124,54.05668640136719,97970,21.81,°C
Decentlab_Air_Monitor,2023-10-06T06:30:41.818+00:00,21.887150878906247,54.3790283203125,97914,21.49,°C
Decentlab_Air_Monitor,2023-10-06T06:38:44.808+00:00,21.994401855468745,53.96894836425781,97968,21.79,°C
Decentlab_Air_Monitor,2023-10-06T06:38:46.963+00:00,21.994401855468745,53.96894836425781,97968,21.79,°C
Decentlab_Air_Monitor,2023-10-06T06:38:49.113+00:00,21.994401855468745,53.96894836425781,97968,21.79,°C
Decentlab_Air_Monitor,2023-10-06T06:40:39.009+00:00,21.871063232421868,54.30082702636719,97910,21.48,°C
Decentlab_Air_Monitor,2023-10-06T06:48:48.072+00:00,21.975632934570307,53.864044189453125,97956,21.78,°C
Decentlab_Air_Monitor,2023-10-06T06:50:39.473+00:00,21.85765686035156,54.192108154296875,97902,21.46,°C
Decentlab_Air_Monitor,2023-10-06T06:58:41.492+00:00,21.972951660156248,53.757232666015625,97960,21.76,°C
Decentlab_Air_Monitor,2023-10-06T07:00:38.413+00:00,21.844250488281254,54.09483337402344,97904,21.45,°C
Decentlab_Air_Monitor,2023-10-06T07:08:42.651+00:00,21.9622265625,53.69810485839844,97966,21.75,°C
Decentlab_Air_Monitor,2023-10-06T07:18:48.294+00:00,21.94613891601562,53.627532958984375,97962,21.74,°C
Decentlab_Air_Monitor,2023-10-06T07:28:45.024+00:00,21.924688720703124,53.57794189453125,97960,21.72,°C
Decentlab_Air_Monitor,2023-10-06T07:30:35.363+00:00,21.793306274414057,53.89837646484375,97906,21.4,°C
Decentlab_Air_Monitor,2023-10-06T07:38:47.544+00:00,21.908601074218744,53.53216552734375,97954,21.7,°C
Decentlab_Air_Monitor,2023-10-06T07:40:42.658+00:00,21.77185607910156,53.818267822265625,97896,21.38,°C
Decentlab_Air_Monitor,2023-10-06T07:48:42.466+00:00,21.889832153320306,53.44252014160156,97942,21.68,°C
Decentlab_Air_Monitor,2023-10-06T07:50:40.822+00:00,21.750405883789064,53.76676940917969,97884,21.36,°C
Decentlab_Air_Monitor,2023-10-06T08:00:35.591+00:00,21.731636962890626,53.680938720703125,97882,21.34,°C
Decentlab_Air_Monitor,2023-10-06T08:00:37.745+00:00,0,0,0,0,
Decentlab_Air_Monitor,2023-10-06T08:08:44.360+00:00,21.846931762695313,53.25559997558594,97930,21.64,°C
Decentlab_Air_Monitor,2023-10-06T08:10:43.126+00:00,21.704824218749998,53.59129333496094,97874,21.31,°C
Decentlab_Air_Monitor,2023-10-06T08:18:44.765+00:00,21.822800292968743,53.20219421386719,97928,21.62,°C
Decentlab_Air_Monitor,2023-10-06T08:20:39.771+00:00,21.68069274902343,53.54551696777344,97872,21.29,°C
Decentlab_Air_Monitor,2023-10-06T08:20:41.925+00:00,0,0,0,0,
Decentlab_Air_Monitor,2023-10-06T08:28:47.944+00:00,21.801350097656247,53.169769287109375,97930,21.59,°C
Decentlab_Air_Monitor,2023-10-06T08:30:39.732+00:00,21.656561279296874,53.48448181152344,97876,21.26,°C
Decentlab_Air_Monitor,2023-10-06T08:38:41.545+00:00,21.78258117675781,53.08393859863281,97936,21.57,°C
Decentlab_Air_Monitor,2023-10-06T08:40:39.191+00:00,21.632429809570304,53.38720703125,97886,21.24,°C
Decentlab_Air_Monitor,2023-10-06T08:48:46.282+00:00,21.753087158203122,52.98857116699219,97944,21.54,°C
Decentlab_Air_Monitor,2023-10-06T08:50:39.935+00:00,21.60561706542969,53.291839599609375,97890,21.21,°C
Decentlab_Air_Monitor,2023-10-06T08:50:42.089+00:00,0,0,0,0,
Decentlab_Air_Monitor,2023-10-06T08:58:40.800+00:00,21.720911865234378,52.93135070800781,97946,21.51,°C
Decentlab_Air_Monitor,2023-10-06T09:00:37.435+00:00,21.57344177246093,53.246063232421875,97894,21.18,°C
Decentlab_Air_Monitor,2023-10-06T09:00:39.591+00:00,0,0,0,0,
Decentlab_Air_Monitor,2023-10-06T09:08:43.740+00:00,21.69141784667969,52.887481689453125,97952,21.48,°C
Decentlab_Air_Monitor,2023-10-06T09:10:38.422+00:00,21.541266479492187,53.230804443359375,97900,21.15,°C
Decentlab_Air_Monitor,2023-10-06T09:10:40.572+00:00,0,0,0,0,
Decentlab_Air_Monitor,2023-10-06T09:18:41.864+00:00,21.664605102539063,52.87413024902344,97958,21.45,°C
Decentlab_Air_Monitor,2023-10-06T09:20:36.418+00:00,21.50909118652344,53.22889709472656,97906,21.12,°C
Decentlab_Air_Monitor,2023-10-06T09:28:41.568+00:00,21.640473632812494,52.85505676269531,97972,21.42,°C
Decentlab_Air_Monitor,2023-10-06T09:30:36.418+00:00,21.484959716796872,53.19647216796875,97924,21.1,°C
Decentlab_Air_Monitor,2023-10-06T09:30:38.574+00:00,0,0,0,0,
Decentlab_Air_Monitor,2023-10-06T09:38:46.163+00:00,21.610979614257808,52.77685546875,97996,21.4,°C
Decentlab_Air_Monitor,2023-10-06T09:40:40.417+00:00,21.463509521484376,53.108734130859375,97944,21.08,°C
Decentlab_Air_Monitor,2023-10-06T09:40:42.576+00:00,0,0,0,0,
Decentlab_Air_Monitor,2023-10-06T09:50:40.418+00:00,21.455465698242186,53.07440185546875,97948,21.06,°C
Decentlab_Air_Monitor,2023-10-06T09:50:42.570+00:00,0,0,0,0,
Decentlab_Air_Monitor,2023-10-06T09:58:47.397+00:00,21.568079223632814,52.689117431640625,98002,21.35,°C
Decentlab_Air_Monitor,2023-10-06T10:00:40.368+00:00,21.43401550292969,53.01145935058594,97948,21.04,°C
Decentlab_Air_Monitor,2023-10-06T10:08:42.414+00:00,21.554672851562493,52.63189697265625,98010,21.34,°C
Decentlab_Air_Monitor,2023-10-06T10:10:42.444+00:00,21.41792785644531,52.93516540527344,97958,21.02,°C
Decentlab_Air_Monitor,2023-10-06T10:18:48.384+00:00,21.535903930664055,52.53271484375,98022,21.32,°C
Decentlab_Air_Monitor,2023-10-06T10:20:36.205+00:00,21.40184020996093,52.80165100097656,97974,21.01,°C
Decentlab_Air_Monitor,2023-10-06T10:20:38.359+00:00,0,0,0,0,
Decentlab_Air_Monitor,2023-10-06T10:28:44.399+00:00,21.51445373535156,52.43353271484375,98032,21.3,°C
Decentlab_Air_Monitor,2023-10-06T10:30:38.628+00:00,21.380390014648434,52.704376220703125,97982,20.99,°C
Decentlab_Air_Monitor,2023-10-06T10:38:44.382+00:00,21.490322265625004,52.34007263183594,98036,21.28,°C
Decentlab_Air_Monitor,2023-10-06T10:40:37.065+00:00,21.358939819335937,52.63189697265625,97984,20.97,°C
Decentlab_Air_Monitor,2023-10-06T10:50:35.702+00:00,21.342852172851558,52.56895446777344,97980,20.95,°C
Decentlab_Air_Monitor,2023-10-06T10:58:44.327+00:00,21.447421874999996,52.18367004394531,98032,21.23,°C
Decentlab_Air_Monitor,2023-10-06T11:00:41.505+00:00,21.32408325195312,52.467864990234375,97982,20.93,°C
Decentlab_Air_Monitor,2023-10-06T11:08:44.764+00:00,21.42329040527344,52.10546875,98042,21.21,°C
Decentlab_Air_Monitor,2023-10-06T11:10:38.665+00:00,21.302633056640623,52.361053466796875,97990,20.91,°C
Decentlab_Air_Monitor,2023-10-06T11:18:47.512+00:00,21.399158935546872,52.05015563964844,98044,21.19,°C
Decentlab_Air_Monitor,2023-10-06T11:20:35.415+00:00,21.278501586914054,52.30192565917969,97994,20.89,°C
Decentlab_Air_Monitor,2023-10-06T11:28:41.994+00:00,21.375027465820317,51.97386169433594,98054,21.16,°C
Decentlab_Air_Monitor,2023-10-06T11:48:42.991+00:00,21.326764526367192,51.80982971191406,98062,21.11,°C
Decentlab_Air_Monitor,2023-10-06T11:50:41.516+00:00,21.216832275390622,52.063507080078125,98010,20.83,°C
Decentlab_Air_Monitor,2023-10-06T11:58:46.987+00:00,21.30531433105468,51.727813720703125,98060,21.09,°C
Decentlab_Air_Monitor,2023-10-06T12:00:38.790+00:00,21.190019531249995,51.97576904296875,98010,20.8,°C
Decentlab_Air_Monitor,2023-10-06T12:00:40.940+00:00,0,0,0,0,
Decentlab_Air_Monitor,2023-10-06T12:08:42.983+00:00,21.275820312499995,51.636260986328125,98066,21.06,°C
Decentlab_Air_Monitor,2023-10-06T12:10:41.105+00:00,0,0,0,0,
Decentlab_Air_Monitor,2023-10-06T12:10:46.595+00:00,21.171250610351557,51.89756774902344,98016,20.78,°C
Decentlab_Air_Monitor,2023-10-06T12:18:46.944+00:00,21.2543701171875,51.57904052734375,98074,21.04,°C
Decentlab_Air_Monitor,2023-10-06T12:20:38.284+00:00,21.147119140625,51.80029296875,98022,20.76,°C
Decentlab_Air_Monitor,2023-10-06T12:28:43.040+00:00,21.23023864746093,51.53517150878906,98084,21.01,°C
Decentlab_Air_Monitor,2023-10-06T12:30:40.332+00:00,21.131031494140622,51.76214599609375,98034,20.74,°C
Decentlab_Air_Monitor,2023-10-06T12:38:46.791+00:00,21.21146972656249,51.460784912109375,98100,20.99,°C
Decentlab_Air_Monitor,2023-10-06T12:40:40.816+00:00,21.114943847656242,51.689666748046875,98048,20.72,°C
Decentlab_Air_Monitor,2023-10-06T12:48:43.254+00:00,21.190019531249995,51.36351013183594,98108,20.97,°C
Decentlab_Air_Monitor,2023-10-06T12:50:35.799+00:00,21.093493652343746,51.56378173828125,98054,20.7,°C
Decentlab_Air_Monitor,2023-10-06T12:58:46.308+00:00,21.171250610351557,51.24906921386719,98116,20.95,°C
Decentlab_Air_Monitor,2023-10-06T13:00:41.788+00:00,21.07204345703125,51.464599609375,98062,20.68,°C
Decentlab_Air_Monitor,2023-10-06T13:08:44.176+00:00,21.14980041503906,51.23762512207031,98128,20.93,°C
Decentlab_Air_Monitor,2023-10-06T13:10:41.825+00:00,21.05595581054687,51.47032165527344,98072,20.66,°C
Decentlab_Air_Monitor,2023-10-06T13:18:44.418+00:00,21.136394042968753,51.2509765625,98136,20.92,°C
Decentlab_Air_Monitor,2023-10-06T13:20:41.846+00:00,21.050593261718753,51.476043701171875,98080,20.65,°C
Decentlab_Air_Monitor,2023-10-06T13:28:47.914+00:00,21.13371276855468,51.281494140625,98148,20.91,°C
Decentlab_Air_Monitor,2023-10-06T13:30:37.873+00:00,21.039868164062504,51.47795104980469,98096,20.65,°C
Decentlab_Air_Monitor,2023-10-06T13:38:44.906+00:00,21.13371276855468,51.27577209472656,98156,20.91,°C
Decentlab_Air_Monitor,2023-10-06T13:40:41.529+00:00,21.03718688964843,51.49320983886719,98100,20.64,°C
Decentlab_Air_Monitor,2023-10-06T13:48:46.896+00:00,21.136394042968753,51.30628967285156,98152,20.92,°C
Decentlab_Air_Monitor,2023-10-06T13:50:41.331+00:00,21.039868164062504,51.52372741699219,98094,20.64,°C
Decentlab_Air_Monitor,2023-10-06T13:58:46.890+00:00,21.147119140625,51.32536315917969,98150,20.92,°C
Decentlab_Air_Monitor,2023-10-06T14:00:42.952+00:00,21.050593261718753,51.53326416015625,98094,20.65,°C
Decentlab_Air_Monitor,2023-10-06T14:08:46.893+00:00,21.16052551269531,51.31201171875,98150,20.94,°C
Decentlab_Air_Monitor,2023-10-06T14:18:46.850+00:00,21.176613159179688,51.31010437011719,98154,20.95,°C
Decentlab_Air_Monitor,2023-10-06T14:20:37.175+00:00,21.077406005859366,51.53326416015625,98100,20.67,°C
Decentlab_Air_Monitor,2023-10-06T14:28:46.953+00:00,21.195382080078126,51.30438232421875,98160,20.97,°C
Decentlab_Air_Monitor,2023-10-06T14:30:42.091+00:00,21.098856201171877,51.53898620605469,98108,20.69,°C
Decentlab_Air_Monitor,2023-10-06T14:38:46.707+00:00,21.214151000976564,51.281494140625,98156,20.99,°C
Decentlab_Air_Monitor,2023-10-06T14:40:39.985+00:00,21.117625122070315,51.4951171875,98098,20.71,°C
Decentlab_Air_Monitor,2023-10-06T14:48:47.167+00:00,21.22755737304687,51.147979736328125,98142,21.01,°C
Decentlab_Air_Monitor,2023-10-06T14:50:40.308+00:00,21.131031494140622,51.34443664550781,98080,20.73,°C
Decentlab_Air_Monitor,2023-10-06T14:58:46.221+00:00,21.24632629394531,51.1136474609375,98128,21.03,°C
Decentlab_Air_Monitor,2023-10-06T15:00:40.892+00:00,21.14980041503906,51.31773376464844,98068,20.74,°C
Decentlab_Air_Monitor,2023-10-06T15:08:48.085+00:00,21.267776489257805,51.11555480957031,98106,21.05,°C
Decentlab_Air_Monitor,2023-10-06T15:10:35.564+00:00,21.176613159179688,51.32917785644531,98046,20.77,°C
Decentlab_Air_Monitor,2023-10-06T15:18:44.331+00:00,21.289226684570316,51.140350341796875,98078,21.07,°C
Decentlab_Air_Monitor,2023-10-06T15:20:36.974+00:00,21.190019531249995,51.34443664550781,98022,20.79,°C
Decentlab_Air_Monitor,2023-10-06T15:30:42.248+00:00,21.190019531249995,51.239532470703125,98036,20.8,°C
Decentlab_Air_Monitor,2023-10-06T15:38:44.819+00:00,21.29727050781249,50.896209716796875,98116,21.09,°C
Decentlab_Air_Monitor,2023-10-06T15:48:42.806+00:00,21.29727050781249,50.69403076171875,98142,21.08,°C
Decentlab_Air_Monitor,2023-10-06T15:50:39.403+00:00,21.179294433593746,50.83326721191406,98086,20.78,°C
Decentlab_Air_Monitor,2023-10-06T15:58:46.798+00:00,21.289226684570316,50.61773681640625,98154,21.07,°C
Decentlab_Air_Monitor,2023-10-06T16:08:42.793+00:00,21.270457763671878,50.54144287109375,98158,21.06,°C
Decentlab_Air_Monitor,2023-10-06T16:10:42.706+00:00,21.14443786621093,50.73027038574219,98100,20.75,°C
Decentlab_Air_Monitor,2023-10-06T16:18:46.806+00:00,21.25973266601563,50.57196044921875,98144,21.04,°C
Decentlab_Air_Monitor,2023-10-06T16:20:39.805+00:00,21.131031494140622,50.79130554199219,98086,20.73,°C
Decentlab_Air_Monitor,2023-10-06T16:28:42.759+00:00,21.24632629394531,50.61582946777344,98158,21.03,°C
Decentlab_Air_Monitor,2023-10-06T16:38:46.798+00:00,21.22755737304687,50.65779113769531,98158,21.01,°C
Decentlab_Air_Monitor,2023-10-06T16:40:41.249+00:00,21.085449829101556,50.95343017578125,98100,20.69,°C
Decentlab_Air_Monitor,2023-10-06T16:48:42.706+00:00,21.206107177734374,50.87522888183594,98148,20.99,°C
Decentlab_Air_Monitor,2023-10-06T16:50:42.347+00:00,21.066680908203118,51.19184875488281,98090,20.67,°C
Decentlab_Air_Monitor,2023-10-06T17:00:39.126+00:00,21.050593261718753,51.28721618652344,98082,20.65,°C
Decentlab_Air_Monitor,2023-10-06T17:08:42.503+00:00,21.184656982421878,51.05070495605469,98130,20.97,°C
Decentlab_Air_Monitor,2023-10-06T17:10:42.681+00:00,21.04523071289062,51.31964111328125,98072,20.64,°C
Decentlab_Air_Monitor,2023-10-06T17:18:47.235+00:00,21.179294433593746,50.91337585449219,98136,20.96,°C
Decentlab_Air_Monitor,2023-10-06T17:20:39.813+00:00,21.039868164062504,51.109832763671875,98080,20.64,°C
Decentlab_Air_Monitor,2023-10-06T17:28:41.731+00:00,21.181975708007805,50.60820007324219,98126,20.96,°C
Decentlab_Air_Monitor,2023-10-06T17:30:37.514+00:00,21.05595581054687,50.73789978027344,98066,20.65,°C
Decentlab_Air_Monitor,2023-10-06T17:38:40.719+00:00,21.195382080078126,50.48612976074219,98110,20.97,°C
Decentlab_Air_Monitor,2023-10-06T17:40:40.973+00:00,21.077406005859366,50.65397644042969,98050,20.67,°C
Decentlab_Air_Monitor,2023-10-06T17:58:46.704+00:00,21.22755737304687,50.38885498046875,98084,21,°C
Decentlab_Air_Monitor,2023-10-06T18:00:40.233+00:00,21.117625122070315,50.53953552246094,98028,20.71,°C
Decentlab_Air_Monitor,2023-10-06T18:10:40.453+00:00,21.15248168945312,50.51092529296875,98016,20.74,°C
Decentlab_Air_Monitor,2023-10-06T18:18:42.697+00:00,21.275820312499995,50.365966796875,98060,21.05,°C
Decentlab_Air_Monitor,2023-10-06T18:20:34.890+00:00,21.187338256835936,50.549072265625,98010,20.78,°C
Decentlab_Air_Monitor,2023-10-06T18:20:37.040+00:00,0,0,0,0,
Decentlab_Air_Monitor,2023-10-06T18:20:39.196+00:00,0,0,0,0,
Decentlab_Air_Monitor,2023-10-06T18:28:46.706+00:00,21.302633056640623,50.43463134765625,98070,21.08,°C
Decentlab_Air_Monitor,2023-10-06T18:30:38.213+00:00,21.22755737304687,50.61582946777344,98022,20.82,°C
Decentlab_Air_Monitor,2023-10-06T18:30:40.372+00:00,0,0,0,0,
Decentlab_Air_Monitor,2023-10-06T18:30:42.530+00:00,0,0,0,0,
Decentlab_Air_Monitor,2023-10-06T18:38:46.668+00:00,21.32408325195312,50.385040283203125,98088,21.11,°C
Decentlab_Air_Monitor,2023-10-06T18:40:40.427+00:00,21.25168884277344,50.47850036621094,98042,20.85,°C
Decentlab_Air_Monitor,2023-10-06T18:40:44.732+00:00,0,0,0,0,
Decentlab_Air_Monitor,2023-10-06T18:48:42.711+00:00,21.32944580078125,50.095123291015625,98096,21.12,°C
Decentlab_Air_Monitor,2023-10-06T18:50:34.865+00:00,21.249007568359367,50.224822998046875,98040,20.85,°C
Decentlab_Air_Monitor,2023-10-06T18:50:37.015+00:00,0,0,0,0,
Decentlab_Air_Monitor,2023-10-06T18:58:44.737+00:00,21.32408325195312,49.96351623535156,98080,21.12,°C
Decentlab_Air_Monitor,2023-10-06T19:00:42.191+00:00,21.23560119628906,50.10466003417969,98028,20.84,°C
Decentlab_Air_Monitor,2023-10-06T19:00:44.343+00:00,0,0,0,0,
Decentlab_Air_Monitor,2023-10-06T19:00:46.493+00:00,0,0,0,0,
Decentlab_Air_Monitor,2023-10-06T19:08:46.847+00:00,21.31603942871093,49.85289001464844,98090,21.11,°C
Decentlab_Air_Monitor,2023-10-06T19:08:48.999+00:00,21.31603942871093,49.85289001464844,98090,21.11,°C
Decentlab_Air_Monitor,2023-10-06T19:10:36.416+00:00,21.21951354980468,49.98640441894531,98034,20.83,°C
Decentlab_Air_Monitor,2023-10-06T19:10:38.571+00:00,0,0,0,0,
Decentlab_Air_Monitor,2023-10-06T19:10:40.730+00:00,0,0,0,0,
Decentlab_Air_Monitor,2023-10-06T19:18:48.441+00:00,21.310676879882813,49.77278137207031,98072,21.1,°C
Decentlab_Air_Monitor,2023-10-06T19:20:34.813+00:00,21.203425903320316,49.94635009765625,98020,20.81,°C
Decentlab_Air_Monitor,2023-10-06T19:20:36.964+00:00,0,0,0,0,
Decentlab_Air_Monitor,2023-10-06T19:20:39.120+00:00,0,0,0,0,
Decentlab_Air_Monitor,2023-10-06T19:28:43.369+00:00,21.307995605468754,49.83763122558594,98076,21.09,°C
Decentlab_Air_Monitor,2023-10-06T19:28:45.522+00:00,21.307995605468754,49.83763122558594,98076,21.09,°C
Decentlab_Air_Monitor,2023-10-06T19:30:42.154+00:00,21.200744628906243,50.03599548339844,98024,20.8,°C
Decentlab_Air_Monitor,2023-10-06T19:30:46.466+00:00,0,0,0,0,
Decentlab_Air_Monitor,2023-10-06T19:30:44.308+00:00,0,0,0,0,
Decentlab_Air_Monitor,2023-10-06T19:38:41.163+00:00,21.307995605468754,49.88531494140625,98072,21.09,°C
Decentlab_Air_Monitor,2023-10-06T19:38:43.313+00:00,21.307995605468754,49.88531494140625,98072,21.09,°C
Decentlab_Air_Monitor,2023-10-06T19:40:40.293+00:00,21.200744628906243,50.06651306152344,98022,20.8,°C
Decentlab_Air_Monitor,2023-10-06T19:40:42.452+00:00,0,0,0,0,
Decentlab_Air_Monitor,2023-10-06T19:40:44.606+00:00,0,0,0,0,
Decentlab_Air_Monitor,2023-10-06T19:48:41.571+00:00,21.307995605468754,49.81855773925781,98064,21.09,°C
Decentlab_Air_Monitor,2023-10-06T19:48:43.724+00:00,21.307995605468754,49.81855773925781,98064,21.09,°C
Decentlab_Air_Monitor,2023-10-06T19:50:39.142+00:00,21.200744628906243,49.99212646484375,98012,20.8,°C
Decentlab_Air_Monitor,2023-10-06T19:50:41.301+00:00,0,0,0,0,
Decentlab_Air_Monitor,2023-10-06T19:50:43.452+00:00,0,0,0,0,
Decentlab_Air_Monitor,2023-10-06T19:58:40.764+00:00,21.302633056640623,49.67169189453125,98062,21.09,°C
Decentlab_Air_Monitor,2023-10-06T20:00:42.278+00:00,21.190019531249995,49.81855773925781,98010,20.79,°C
Decentlab_Air_Monitor,2023-10-06T20:00:46.588+00:00,0,0,0,0,
Decentlab_Air_Monitor,2023-10-06T20:08:46.340+00:00,21.29727050781249,49.39512634277344,98056,21.08,°C
Decentlab_Air_Monitor,2023-10-06T20:10:39.127+00:00,21.179294433593746,49.5267333984375,98006,20.78,°C
Decentlab_Air_Monitor,2023-10-06T20:10:41.277+00:00,0,0,0,0,
Decentlab_Air_Monitor,2023-10-06T20:10:43.432+00:00,0,0,0,0,
Decentlab_Air_Monitor,2023-10-06T20:18:43.134+00:00,21.286545410156243,49.17578125,98064,21.07,°C
Decentlab_Air_Monitor,2023-10-06T20:18:45.287+00:00,21.286545410156243,49.17578125,98064,21.07,°C
Decentlab_Air_Monitor,2023-10-06T20:28:41.537+00:00,21.281182861328126,48.9163818359375,98066,21.06,°C
Decentlab_Air_Monitor,2023-10-06T20:28:43.690+00:00,21.281182861328126,48.9163818359375,98066,21.06,°C
Decentlab_Air_Monitor,2023-10-06T20:30:41.234+00:00,0,0,0,0,
Decentlab_Air_Monitor,2023-10-06T20:30:43.385+00:00,0,0,0,0,
Decentlab_Air_Monitor,2023-10-06T20:38:44.721+00:00,21.267776489257805,48.718017578125,98060,21.05,°C
Decentlab_Air_Monitor,2023-10-06T20:38:46.877+00:00,21.267776489257805,48.718017578125,98060,21.05,°C
Decentlab_Air_Monitor,2023-10-06T20:40:38.187+00:00,21.14980041503906,48.86297607421875,98008,20.75,°C
Decentlab_Air_Monitor,2023-10-06T20:40:40.338+00:00,0,0,0,0,
Decentlab_Air_Monitor,2023-10-06T20:40:42.495+00:00,0,0,0,0,
Decentlab_Air_Monitor,2023-10-06T20:48:42.343+00:00,21.2543701171875,48.576873779296875,98056,21.04,°C
Decentlab_Air_Monitor,2023-10-06T20:48:44.494+00:00,21.2543701171875,48.576873779296875,98056,21.04,°C
Decentlab_Air_Monitor,2023-10-06T20:50:38.917+00:00,21.136394042968753,48.76188659667969,98004,20.74,°C
Decentlab_Air_Monitor,2023-10-06T20:50:41.069+00:00,0,0,0,0,
Decentlab_Air_Monitor,2023-10-06T20:58:43.056+00:00,21.24364501953125,48.500579833984375,98054,21.03,°C
Decentlab_Air_Monitor,2023-10-06T21:00:42.441+00:00,21.128350219726563,48.66270446777344,98006,20.72,°C
Decentlab_Air_Monitor,2023-10-06T21:00:44.596+00:00,0,0,0,0,
Decentlab_Air_Monitor,2023-10-06T21:00:46.752+00:00,0,0,0,0,
Decentlab_Air_Monitor,2023-10-06T21:08:41.651+00:00,21.23560119628906,48.33845520019531,98056,21.02,°C
Decentlab_Air_Monitor,2023-10-06T21:08:43.801+00:00,21.23560119628906,48.33845520019531,98056,21.02,°C
Decentlab_Air_Monitor,2023-10-06T21:10:39.511+00:00,21.114943847656242,48.515838623046875,98006,20.71,°C
Decentlab_Air_Monitor,2023-10-06T21:10:41.666+00:00,0,0,0,0,
Decentlab_Air_Monitor,2023-10-06T21:10:43.823+00:00,0,0,0,0,
Decentlab_Air_Monitor,2023-10-06T21:18:42.590+00:00,21.22755737304687,48.23164367675781,98060,21.01,°C
Decentlab_Air_Monitor,2023-10-06T21:20:41.585+00:00,21.109581298828125,48.409027099609375,98010,20.71,°C
Decentlab_Air_Monitor,2023-10-06T21:20:43.736+00:00,0,0,0,0,
Decentlab_Air_Monitor,2023-10-06T21:20:45.889+00:00,0,0,0,0,
Decentlab_Air_Monitor,2023-10-06T21:28:46.860+00:00,21.21951354980468,48.14009094238281,98070,21,°C
Decentlab_Air_Monitor,2023-10-06T21:30:41.319+00:00,21.104218749999994,48.30030822753906,98022,20.7,°C
Decentlab_Air_Monitor,2023-10-06T21:30:43.477+00:00,0,0,0,0,
Decentlab_Air_Monitor,2023-10-06T21:30:45.627+00:00,0,0,0,0,
Decentlab_Air_Monitor,2023-10-06T21:38:41.967+00:00,21.208788452148433,47.81202697753906,98092,20.99,°C
Decentlab_Air_Monitor,2023-10-06T21:40:40.713+00:00,21.08813110351563,47.874969482421875,98042,20.69,°C
Decentlab_Air_Monitor,2023-10-06T21:40:45.016+00:00,0,0,0,0,
Decentlab_Air_Monitor,2023-10-06T21:48:43.710+00:00,21.190019531249995,47.295135498046875,98104,20.97,°C
Decentlab_Air_Monitor,2023-10-06T21:50:42+00:00,21.061318359375,47.432464599609375,98050,20.66,°C
Decentlab_Air_Monitor,2023-10-06T21:50:46.310+00:00,0,0,0,0,
Decentlab_Air_Monitor,2023-10-06T22:00:40.161+00:00,21.039868164062504,47.32183837890625,98058,20.64,°C
Decentlab_Air_Monitor,2023-10-06T22:00:44.469+00:00,0,0,0,0,
Decentlab_Air_Monitor,2023-10-06T22:10:37.068+00:00,21.021099243164066,47.3294677734375,98058,20.62,°C
Decentlab_Air_Monitor,2023-10-06T22:10:39.225+00:00,0,0,0,0,
Decentlab_Air_Monitor,2023-10-06T22:20:38.506+00:00,21.002330322265628,47.36189270019531,98060,20.6,°C
Decentlab_Air_Monitor,2023-10-06T22:20:40.660+00:00,0,0,0,0,
Decentlab_Air_Monitor,2023-10-06T22:20:42.810+00:00,0,0,0,0,
Decentlab_Air_Monitor,2023-10-06T22:28:45.340+00:00,21.120306396484374,47.23982238769531,98124,20.9,°C
Decentlab_Air_Monitor,2023-10-06T22:30:41.336+00:00,0,0,0,0,
Decentlab_Air_Monitor,2023-10-06T22:30:39.182+00:00,20.996967773437497,47.47442626953125,98076,20.59,°C
Decentlab_Air_Monitor,2023-10-06T22:30:43.491+00:00,0,0,0,0,
Decentlab_Air_Monitor,2023-10-06T22:38:44.852+00:00,21.106900024414067,47.401947021484375,98186,20.89,°C
Decentlab_Air_Monitor,2023-10-06T22:40:37.049+00:00,20.98356140136719,47.70903015136719,98144,20.58,°C
Decentlab_Air_Monitor,2023-10-06T22:40:39.206+00:00,0,0,0,0,
Decentlab_Air_Monitor,2023-10-06T22:40:41.361+00:00,0,0,0,0,
Decentlab_Air_Monitor,2023-10-06T22:48:45.775+00:00,21.082768554687497,47.79676818847656,98228,20.87,°C
Decentlab_Air_Monitor,2023-10-06T22:50:38.300+00:00,20.940661010742183,48.149627685546875,98178,20.54,°C
Decentlab_Air_Monitor,2023-10-06T22:50:40.450+00:00,0,0,0,0,
Decentlab_Air_Monitor,2023-10-06T22:58:43.942+00:00,21.042549438476563,48.08668518066406,98236,20.83,°C
Decentlab_Air_Monitor,2023-10-06T22:58:46.094+00:00,21.042549438476563,48.08668518066406,98236,20.83,°C
Decentlab_Air_Monitor,2023-10-06T22:58:48.249+00:00,21.042549438476563,48.08668518066406,98236,20.83,°C
Decentlab_Air_Monitor,2023-10-06T23:00:34.805+00:00,20.895079345703117,48.416656494140625,98186,20.5,°C
Decentlab_Air_Monitor,2023-10-06T23:00:36.959+00:00,0,0,0,0,
Decentlab_Air_Monitor,2023-10-06T23:00:39.108+00:00,0,0,0,0,
Decentlab_Air_Monitor,2023-10-06T23:08:43.583+00:00,20.988923950195307,48.172515869140625,98242,20.79,°C
Decentlab_Air_Monitor,2023-10-06T23:08:45.735+00:00,20.988923950195307,48.172515869140625,98242,20.79,°C
Decentlab_Air_Monitor,2023-10-06T23:08:47.890+00:00,20.988923950195307,48.172515869140625,98242,20.79,°C
Decentlab_Air_Monitor,2023-10-06T23:10:37.754+00:00,20.836091308593744,48.55780029296875,98184,20.44,°C
Decentlab_Air_Monitor,2023-10-06T23:10:39.912+00:00,0,0,0,0,
Decentlab_Air_Monitor,2023-10-06T23:10:42.065+00:00,0,0,0,0,
Decentlab_Air_Monitor,2023-10-06T23:18:44.258+00:00,20.921892089843745,48.370880126953125,98238,20.74,°C
Decentlab_Air_Monitor,2023-10-06T23:18:46.409+00:00,20.921892089843745,48.370880126953125,98238,20.74,°C
Decentlab_Air_Monitor,2023-10-06T23:18:48.562+00:00,20.921892089843745,48.370880126953125,98238,20.74,°C
Decentlab_Air_Monitor,2023-10-06T23:20:35.725+00:00,20.79587219238281,48.78858947753906,98184,20.4,°C
Decentlab_Air_Monitor,2023-10-06T23:20:37.874+00:00,0,0,0,0,
Decentlab_Air_Monitor,2023-10-06T23:20:40.029+00:00,0,0,0,0,
Decentlab_Air_Monitor,2023-10-06T23:28:42.923+00:00,20.87899169921875,48.61311340332031,98232,20.71,°C
Decentlab_Air_Monitor,2023-10-06T23:28:45.073+00:00,20.87899169921875,48.61311340332031,98232,20.71,°C
Decentlab_Air_Monitor,2023-10-06T23:28:47.225+00:00,20.87899169921875,48.61311340332031,98232,20.71,°C
Decentlab_Air_Monitor,2023-10-06T23:30:39.664+00:00,20.774421997070313,49.042266845703125,98178,20.37,°C
Decentlab_Air_Monitor,2023-10-06T23:30:41.816+00:00,0,0,0,0,
Decentlab_Air_Monitor,2023-10-06T23:30:43.966+00:00,0,0,0,0,
Decentlab_Air_Monitor,2023-10-06T23:38:45.568+00:00,20.87899169921875,48.843902587890625,98240,20.69,°C
Decentlab_Air_Monitor,2023-10-06T23:38:47.718+00:00,20.87899169921875,48.843902587890625,98240,20.69,°C
Decentlab_Air_Monitor,2023-10-06T23:38:49.870+00:00,20.87899169921875,48.843902587890625,98240,20.69,°C
Decentlab_Air_Monitor,2023-10-06T23:40:42.145+00:00,20.771740722656254,49.25016784667969,98190,20.37,°C
Decentlab_Air_Monitor,2023-10-06T23:40:44.302+00:00,0,0,0,0,
Decentlab_Air_Monitor,2023-10-06T23:48:44.235+00:00,20.87899169921875,49.00602722167969,98256,20.69,°C
Decentlab_Air_Monitor,2023-10-06T23:50:40.162+00:00,20.77978454589843,49.40275573730469,98204,20.37,°C
Decentlab_Air_Monitor,2023-10-06T23:50:42.314+00:00,0,0,0,0,
Decentlab_Air_Monitor,2023-10-06T23:58:42.896+00:00,20.87899169921875,49.11474609375,98254,20.69,°C
Decentlab_Air_Monitor,2023-10-06T23:58:45.048+00:00,20.87899169921875,49.11474609375,98254,20.69,°C
Decentlab_Air_Monitor,2023-10-06T23:58:47.205+00:00,20.87899169921875,49.11474609375,98254,20.69,°C
Decentlab_Air_Monitor,2023-10-07T00:00:38.578+00:00,20.78782836914062,49.45997619628906,98202,20.38,°C
Decentlab_Air_Monitor,2023-10-07T00:00:40.737+00:00,0,0,0,0,
Decentlab_Air_Monitor,2023-10-07T00:08:41.538+00:00,20.87899169921875,49.19866943359375,98254,20.68,°C
Decentlab_Air_Monitor,2023-10-07T00:08:43.691+00:00,20.87899169921875,49.19866943359375,98254,20.68,°C
Decentlab_Air_Monitor,2023-10-07T00:08:45.848+00:00,20.87899169921875,49.19866943359375,98254,20.68,°C
Decentlab_Air_Monitor,2023-10-07T00:18:42.108+00:00,0,0,0,0,
Decentlab_Air_Monitor,2023-10-07T00:18:47.603+00:00,20.87899169921875,49.1605224609375,98250,20.68,°C
Decentlab_Air_Monitor,2023-10-07T00:20:40.395+00:00,20.79319091796875,49.446624755859375,98194,20.39,°C
Decentlab_Air_Monitor,2023-10-07T00:28:43.088+00:00,20.87899169921875,49.1300048828125,98252,20.67,°C
Decentlab_Air_Monitor,2023-10-07T00:38:41.697+00:00,20.86558532714843,49.110931396484375,98256,20.65,°C
Decentlab_Air_Monitor,2023-10-07T00:48:44.408+00:00,20.857541503906255,49.202484130859375,98258,20.63,°C
Decentlab_Air_Monitor,2023-10-07T00:50:38.360+00:00,20.750290527343743,49.515289306640625,98204,20.35,°C
Decentlab_Air_Monitor,2023-10-07T00:58:46.966+00:00,20.857541503906255,49.271148681640625,98262,20.62,°C
Decentlab_Air_Monitor,2023-10-07T01:00:39.022+00:00,20.728840332031247,49.55915832519531,98208,20.33,°C
Decentlab_Air_Monitor,2023-10-07T01:08:41.639+00:00,20.857541503906255,49.271148681640625,98260,20.6,°C
Decentlab_Air_Monitor,2023-10-07T01:10:40.791+00:00,20.70470886230469,49.5572509765625,98204,20.31,°C
Decentlab_Air_Monitor,2023-10-07T01:20:38.377+00:00,20.685939941406254,49.54008483886719,98200,20.29,°C
Decentlab_Air_Monitor,2023-10-07T01:28:43.359+00:00,20.80123474121094,49.217742919921875,98246,20.56,°C
Decentlab_Air_Monitor,2023-10-07T01:30:35.057+00:00,20.656445922851567,49.48858642578125,98188,20.26,°C
Decentlab_Air_Monitor,2023-10-07T01:38:44.395+00:00,20.771740722656254,49.16242980957031,98228,20.54,°C
Decentlab_Air_Monitor,2023-10-07T01:48:46.310+00:00,20.747609252929685,49.118560791015625,98224,20.51,°C
Decentlab_Air_Monitor,2023-10-07T01:50:42.107+00:00,20.6108642578125,49.377960205078125,98168,20.21,°C
Decentlab_Air_Monitor,2023-10-07T02:00:34.539+00:00,20.584051513671874,49.37223815917969,98152,20.19,°C
Decentlab_Air_Monitor,2023-10-07T02:08:42.174+00:00,20.71007141113281,49.07659912109375,98194,20.47,°C
Decentlab_Air_Monitor,2023-10-07T02:18:46.670+00:00,20.685939941406254,49.0079345703125,98174,20.45,°C
Decentlab_Air_Monitor,2023-10-07T02:20:36.067+00:00,20.538469848632808,49.324554443359375,98112,20.14,°C
Decentlab_Air_Monitor,2023-10-07T02:28:45.652+00:00,20.664489746093743,48.95643615722656,98164,20.43,°C
Decentlab_Air_Monitor,2023-10-07T02:30:34.500+00:00,20.50897583007812,49.2978515625,98104,20.12,°C
Decentlab_Air_Monitor,2023-10-07T02:40:41.864+00:00,20.49288818359374,49.32073974609375,98124,20.09,°C
Decentlab_Air_Monitor,2023-10-07T02:48:47.641+00:00,20.62427062988281,48.97169494628906,98180,20.39,°C
Decentlab_Air_Monitor,2023-10-07T02:50:40.116+00:00,20.476800537109376,49.347442626953125,98128,20.08,°C
Decentlab_Air_Monitor,2023-10-07T02:58:43.669+00:00,20.60550170898437,49.01556396484375,98188,20.37,°C
Decentlab_Air_Monitor,2023-10-07T03:00:38.632+00:00,20.463394165039055,49.36651611328125,98134,20.06,°C
Decentlab_Air_Monitor,2023-10-07T03:08:43.421+00:00,20.594776611328122,49.01556396484375,98196,20.36,°C
Decentlab_Air_Monitor,2023-10-07T03:10:41.575+00:00,20.45535034179688,49.36651611328125,98142,20.06,°C
Decentlab_Air_Monitor,2023-10-07T03:18:40.034+00:00,20.589414062500005,49.011749267578125,98198,20.36,°C
Decentlab_Air_Monitor,2023-10-07T03:20:39.554+00:00,20.44998779296875,49.35888671875,98142,20.05,°C
Decentlab_Air_Monitor,2023-10-07T03:28:42.785+00:00,20.578688964843742,48.981231689453125,98188,20.35,°C
Decentlab_Air_Monitor,2023-10-07T03:30:35.444+00:00,20.43658142089844,49.328369140625,98132,20.04,°C
Decentlab_Air_Monitor,2023-10-07T03:48:44.323+00:00,20.559920043945304,48.943084716796875,98170,20.33,°C
Decentlab_Air_Monitor,2023-10-07T03:50:35.863+00:00,20.412449951171872,49.267333984375,98114,20.02,°C
Decentlab_Air_Monitor,2023-10-07T03:58:46.122+00:00,20.549194946289056,48.87823486328125,98160,20.31,°C
Decentlab_Air_Monitor,2023-10-07T04:00:34.583+00:00,20.401724853515624,49.194854736328125,98104,20,°C
Decentlab_Air_Monitor,2023-10-07T04:10:42.112+00:00,20.385637207031245,49.149078369140625,98082,19.99,°C
Decentlab_Air_Monitor,2023-10-07T04:18:45.745+00:00,20.5250634765625,48.8553466796875,98134,20.29,°C
Decentlab_Air_Monitor,2023-10-07T04:20:35.182+00:00,20.364187011718748,49.194854736328125,98074,19.97,°C
Decentlab_Air_Monitor,2023-10-07T04:28:47.241+00:00,20.50897583007812,48.84580993652344,98132,20.28,°C
Decentlab_Air_Monitor,2023-10-07T04:30:41.255+00:00,20.34809936523437,49.21583557128906,98074,19.96,°C
Decentlab_Air_Monitor,2023-10-07T04:38:44.247+00:00,20.495569458007814,48.828643798828125,98136,20.26,°C
Decentlab_Air_Monitor,2023-10-07T04:40:36.975+00:00,20.332011718750003,49.18341064453125,98078,19.95,°C
Decentlab_Air_Monitor,2023-10-07T04:48:46.213+00:00,20.474119262695304,48.79240417480469,98136,20.25,°C
Decentlab_Air_Monitor,2023-10-07T04:58:46.263+00:00,20.460712890624997,48.775238037109375,98124,20.23,°C
Decentlab_Air_Monitor,2023-10-07T05:00:37.736+00:00,20.299836425781244,49.10711669921875,98062,19.91,°C
Decentlab_Air_Monitor,2023-10-07T05:10:39.946+00:00,20.281067504882806,49.12046813964844,98060,19.9,°C
Decentlab_Air_Monitor,2023-10-07T05:18:45.702+00:00,20.42585632324218,48.779052734375,98122,20.19,°C
Decentlab_Air_Monitor,2023-10-07T05:20:38.399+00:00,20.25961730957031,49.10139465332031,98068,19.88,°C
Decentlab_Air_Monitor,2023-10-07T05:28:47.206+00:00,20.40708740234374,48.75425720214844,98128,20.17,°C
Decentlab_Air_Monitor,2023-10-07T05:30:37.727+00:00,20.235485839843754,49.07659912109375,98074,19.86,°C
Decentlab_Air_Monitor,2023-10-07T05:38:44.150+00:00,20.385637207031245,48.7332763671875,98130,20.15,°C
Decentlab_Air_Monitor,2023-10-07T05:40:35.910+00:00,20.216716918945316,49.06134033203125,98076,19.83,°C
Decentlab_Air_Monitor,2023-10-07T05:48:42.237+00:00,20.3534619140625,48.70848083496094,98132,20.13,°C
Decentlab_Air_Monitor,2023-10-07T05:48:44.390+00:00,20.3534619140625,48.70848083496094,98132,20.13,°C
Decentlab_Air_Monitor,2023-10-07T05:50:34.279+00:00,20.197947998046878,49.04608154296875,98078,19.81,°C
Decentlab_Air_Monitor,2023-10-07T05:58:46.041+00:00,20.33469299316406,48.67987060546875,98132,20.11,°C
Decentlab_Air_Monitor,2023-10-07T06:00:37.517+00:00,20.17917907714844,48.99267578125,98074,19.79,°C
Decentlab_Air_Monitor,2023-10-07T06:10:35.983+00:00,20.160410156250002,48.95452880859375,98078,19.78,°C
Decentlab_Air_Monitor,2023-10-07T06:18:47.810+00:00,20.299836425781244,48.553985595703125,98130,20.07,°C
Decentlab_Air_Monitor,2023-10-07T06:28:43.148+00:00,20.281067504882806,48.492950439453125,98132,20.06,°C
Decentlab_Air_Monitor,2023-10-07T06:38:46.302+00:00,20.2676611328125,48.3975830078125,98136,20.04,°C
Decentlab_Air_Monitor,2023-10-07T06:40:37.191+00:00,20.090697021484367,48.7027587890625,98082,19.73,°C
Decentlab_Air_Monitor,2023-10-07T06:48:42.185+00:00,20.25157348632812,48.29840087890625,98142,20.02,°C
Decentlab_Air_Monitor,2023-10-07T06:50:36.946+00:00,20.08533447265625,48.62646484375,98088,19.71,°C
Decentlab_Air_Monitor,2023-10-07T06:58:46.003+00:00,20.235485839843754,48.229736328125,98148,20.01,°C
Decentlab_Air_Monitor,2023-10-07T06:58:48.153+00:00,20.235485839843754,48.229736328125,98148,20.01,°C
Decentlab_Air_Monitor,2023-10-07T07:00:40.414+00:00,20.08533447265625,48.531097412109375,98092,19.69,°C
Decentlab_Air_Monitor,2023-10-07T07:08:42.390+00:00,20.219398193359375,48.17442321777344,98152,19.99,°C
Decentlab_Air_Monitor,2023-10-07T07:08:44.539+00:00,20.219398193359375,48.17442321777344,98152,19.99,°C
Decentlab_Air_Monitor,2023-10-07T07:10:41.329+00:00,20.074609375,48.454803466796875,98096,19.67,°C
Decentlab_Air_Monitor,2023-10-07T07:10:43.480+00:00,0,0,0,0,
Decentlab_Air_Monitor,2023-10-07T07:10:45.638+00:00,0,0,0,0,
Decentlab_Air_Monitor,2023-10-07T07:18:45.593+00:00,20.197947998046878,48.111480712890625,98154,19.97,°C
Decentlab_Air_Monitor,2023-10-07T07:20:35.226+00:00,20.074609375,48.39186096191406,98100,19.65,°C
Decentlab_Air_Monitor,2023-10-07T07:20:39.542+00:00,0,0,0,0,
Decentlab_Air_Monitor,2023-10-07T07:28:45.299+00:00,20.1818603515625,48.01611328125,98156,19.95,°C
Decentlab_Air_Monitor,2023-10-07T07:30:39.496+00:00,20.063884277343753,48.325103759765625,98102,19.63,°C
Decentlab_Air_Monitor,2023-10-07T07:30:41.655+00:00,0,0,0,0,
Decentlab_Air_Monitor,2023-10-07T07:30:43.810+00:00,0,0,0,0,
Decentlab_Air_Monitor,2023-10-07T07:38:43.993+00:00,20.160410156250002,47.951263427734375,98166,19.93,°C
Decentlab_Air_Monitor,2023-10-07T07:38:46.149+00:00,20.160410156250002,47.951263427734375,98166,19.93,°C
Decentlab_Air_Monitor,2023-10-07T07:40:36.089+00:00,20.042434082031242,48.24690246582031,98108,19.61,°C
Decentlab_Air_Monitor,2023-10-07T07:40:38.240+00:00,0,0,0,0,
Decentlab_Air_Monitor,2023-10-07T07:48:46.266+00:00,20.13895996093749,47.84063720703125,98162,19.91,°C
Decentlab_Air_Monitor,2023-10-07T07:50:34.779+00:00,20.004896240234366,48.1534423828125,98106,19.59,°C
Decentlab_Air_Monitor,2023-10-07T07:50:36.938+00:00,0,0,0,0,
Decentlab_Air_Monitor,2023-10-07T07:50:39.091+00:00,0,0,0,0,
Decentlab_Air_Monitor,2023-10-07T07:58:45.701+00:00,20.114828491210936,47.77769470214844,98158,19.89,°C
Decentlab_Air_Monitor,2023-10-07T07:58:47.854+00:00,20.114828491210936,47.77769470214844,98158,19.89,°C
Decentlab_Air_Monitor,2023-10-07T08:00:40.603+00:00,19.978083496093753,48.09431457519531,98104,19.57,°C
Decentlab_Air_Monitor,2023-10-07T08:00:42.752+00:00,0,0,0,0,
Decentlab_Air_Monitor,2023-10-07T08:00:44.908+00:00,0,0,0,0,
Decentlab_Air_Monitor,2023-10-07T08:08:42.823+00:00,20.090697021484367,47.6956787109375,98160,19.86,°C
Decentlab_Air_Monitor,2023-10-07T08:08:44.979+00:00,20.090697021484367,47.6956787109375,98160,19.86,°C
Decentlab_Air_Monitor,2023-10-07T08:10:43.923+00:00,19.95663330078124,48.00657653808594,98106,19.55,°C
Decentlab_Air_Monitor,2023-10-07T08:10:46.075+00:00,0,0,0,0,
Decentlab_Air_Monitor,2023-10-07T08:20:34.179+00:00,19.935183105468745,47.99131774902344,98116,19.53,°C
Decentlab_Air_Monitor,2023-10-07T08:20:38.490+00:00,0,0,0,0,
Decentlab_Air_Monitor,2023-10-07T08:28:41.069+00:00,20.053159179687505,47.6346435546875,98174,19.82,°C
Decentlab_Air_Monitor,2023-10-07T08:28:43.221+00:00,20.053159179687505,47.6346435546875,98174,19.82,°C
Decentlab_Air_Monitor,2023-10-07T08:30:41.483+00:00,19.91373291015625,47.91120910644531,98124,19.5,°C
Decentlab_Air_Monitor,2023-10-07T08:30:43.639+00:00,0,0,0,0,
Decentlab_Air_Monitor,2023-10-07T08:30:45.796+00:00,0,0,0,0,
Decentlab_Air_Monitor,2023-10-07T08:38:40.028+00:00,20.029027709960936,47.615570068359375,98176,19.79,°C
Decentlab_Air_Monitor,2023-10-07T08:38:42.183+00:00,20.029027709960936,47.615570068359375,98176,19.79,°C
Decentlab_Air_Monitor,2023-10-07T08:40:40.122+00:00,19.88960144042968,47.88641357421875,98128,19.48,°C
Decentlab_Air_Monitor,2023-10-07T08:40:42.276+00:00,0,0,0,0,
Decentlab_Air_Monitor,2023-10-07T08:40:44.426+00:00,0,0,0,0,
Decentlab_Air_Monitor,2023-10-07T08:48:46.117+00:00,20.00757751464844,47.61175537109375,98180,19.77,°C
Decentlab_Air_Monitor,2023-10-07T08:48:48.273+00:00,20.00757751464844,47.61175537109375,98180,19.77,°C
Decentlab_Air_Monitor,2023-10-07T08:50:34.831+00:00,19.87083251953124,47.87306213378906,98132,19.46,°C
Decentlab_Air_Monitor,2023-10-07T08:50:36.985+00:00,0,0,0,0,
Decentlab_Air_Monitor,2023-10-07T08:50:39.144+00:00,0,0,0,0,
Decentlab_Air_Monitor,2023-10-07T08:58:45.898+00:00,19.978083496093753,47.56597900390625,98192,19.75,°C
Decentlab_Air_Monitor,2023-10-07T08:58:48.056+00:00,19.978083496093753,47.56597900390625,98192,19.75,°C
Decentlab_Air_Monitor,2023-10-07T09:00:40.250+00:00,19.854744873046876,47.84063720703125,98140,19.44,°C
Decentlab_Air_Monitor,2023-10-07T09:00:42.406+00:00,0,0,0,0,
Decentlab_Air_Monitor,2023-10-07T09:00:44.561+00:00,0,0,0,0,
Decentlab_Air_Monitor,2023-10-07T09:08:42.317+00:00,19.959314575195314,47.54881286621094,98198,19.73,°C
Decentlab_Air_Monitor,2023-10-07T09:08:44.474+00:00,19.959314575195314,47.54881286621094,98198,19.73,°C
Decentlab_Air_Monitor,2023-10-07T09:10:41.104+00:00,19.835975952148438,47.84063720703125,98150,19.43,°C
Decentlab_Air_Monitor,2023-10-07T09:10:43.254+00:00,0,0,0,0,
Decentlab_Air_Monitor,2023-10-07T09:10:45.406+00:00,0,0,0,0,
Decentlab_Air_Monitor,2023-10-07T09:18:41.427+00:00,19.935183105468745,47.52210998535156,98202,19.72,°C
Decentlab_Air_Monitor,2023-10-07T09:18:43.581+00:00,19.935183105468745,47.52210998535156,98202,19.72,°C
Decentlab_Air_Monitor,2023-10-07T09:20:39.379+00:00,19.81720703125,47.821563720703125,98152,19.41,°C
Decentlab_Air_Monitor,2023-10-07T09:20:41.534+00:00,0,0,0,0,
Decentlab_Air_Monitor,2023-10-07T09:20:43.687+00:00,0,0,0,0,
Decentlab_Air_Monitor,2023-10-07T09:28:49.373+00:00,19.92177673339844,47.462982177734375,98212,19.7,°C
Decentlab_Air_Monitor,2023-10-07T09:30:39.932+00:00,19.79843811035156,47.76243591308594,98162,19.39,°C
Decentlab_Air_Monitor,2023-10-07T09:30:42.091+00:00,0,0,0,0,
Decentlab_Air_Monitor,2023-10-07T09:30:44.249+00:00,0,0,0,0,
Decentlab_Air_Monitor,2023-10-07T09:38:43.615+00:00,19.90032653808594,47.401947021484375,98216,19.68,°C
Decentlab_Air_Monitor,2023-10-07T09:38:45.766+00:00,19.90032653808594,47.401947021484375,98216,19.68,°C
Decentlab_Air_Monitor,2023-10-07T09:40:35.047+00:00,19.776987915039065,47.70521545410156,98166,19.37,°C
Decentlab_Air_Monitor,2023-10-07T09:40:37.204+00:00,0,0,0,0,
Decentlab_Air_Monitor,2023-10-07T09:40:39.353+00:00,0,0,0,0,
Decentlab_Air_Monitor,2023-10-07T09:48:46.785+00:00,19.881557617187504,47.34281921386719,98222,19.65,°C
Decentlab_Air_Monitor,2023-10-07T09:48:48.942+00:00,19.881557617187504,47.34281921386719,98222,19.65,°C
Decentlab_Air_Monitor,2023-10-07T09:50:36.790+00:00,19.758218994140627,47.64799499511719,98170,19.35,°C
Decentlab_Air_Monitor,2023-10-07T09:50:38.948+00:00,0,0,0,0,
Decentlab_Air_Monitor,2023-10-07T09:50:41.102+00:00,0,0,0,0,
Decentlab_Air_Monitor,2023-10-07T09:58:40.382+00:00,19.857426147460934,47.29322814941406,98234,19.63,°C
Decentlab_Air_Monitor,2023-10-07T09:58:42.540+00:00,19.857426147460934,47.29322814941406,98234,19.63,°C
Decentlab_Air_Monitor,2023-10-07T10:00:40.289+00:00,19.736768798828116,47.585052490234375,98178,19.33,°C
Decentlab_Air_Monitor,2023-10-07T10:08:41.170+00:00,19.838657226562496,47.22265625,98238,19.61,°C
Decentlab_Air_Monitor,2023-10-07T10:10:41.292+00:00,19.72068115234375,47.51448059082031,98180,19.31,°C
Decentlab_Air_Monitor,2023-10-07T10:18:39.618+00:00,19.81452575683594,47.165435791015625,98240,19.59,°C
Decentlab_Air_Monitor,2023-10-07T10:18:41.771+00:00,19.81452575683594,47.165435791015625,98240,19.59,°C
Decentlab_Air_Monitor,2023-10-07T10:20:35.243+00:00,19.699230957031254,47.44581604003906,98182,19.29,°C
Decentlab_Air_Monitor,2023-10-07T10:28:42.708+00:00,19.79307556152343,47.1005859375,98238,19.57,°C
Decentlab_Air_Monitor,2023-10-07T10:28:44.863+00:00,19.79307556152343,47.1005859375,98238,19.57,°C
Decentlab_Air_Monitor,2023-10-07T10:30:39.222+00:00,19.680462036132816,47.39813232421875,98182,19.27,°C
